roi_id,til_true,til_pred,sigma,til_mc
TCGA-A1-A0SK-DX1_xmin45749_ymin25055_MPP-0.2500.png,0.2958978724832813,2.779468637539445,1.8167785715411042,"[np.float64(3.472365056533396), np.float64(1.4194191943824632), np.float64(3.243976031861452), np.float64(3.365613584136807), np.float64(1.3507658014867092), np.float64(6.511017659828958), np.float64(3.72713447936302), np.float64(0.3968616431341476), np.float64(4.092575854807104), np.float64(0.830105297084802), np.float64(4.353637845024349), np.float64(5.0966597955542525), np.float64(1.138104000836024), np.float64(4.706220896028088), np.float64(3.6050304914124416), np.float64(4.423588957528425), np.float64(6.573054602847339), np.float64(2.2886924055337037), np.float64(1.2719963088244657), np.float64(1.0004397782883983)]"
TCGA-A1-A0SP-DX1_xmin6798_ymin53719_MPP-0.2500.png,17.276485332979274,16.58516382712335,1.8700829052983814,"[np.float64(14.953543257192472), np.float64(16.430960408295142), np.float64(17.267467776756636), np.float64(17.138545425783388), np.float64(18.239530325195396), np.float64(16.611167610879164), np.float64(19.492231981437982), np.float64(16.055850160647438), np.float64(22.025502160302587), np.float64(17.83649852265336), np.float64(14.870848714290783), np.float64(14.443378831001125), np.float64(17.55010865760972), np.float64(16.13823825647165), np.float64(18.013164815307533), np.float64(17.531639076270437), np.float64(16.439506001809605), np.float64(14.89157639098654), np.float64(13.55546937775162), np.float64(15.692133922989306)]"
TCGA-A2-A04P-DX1_xmin104246_ymin48517_MPP-0.2500.png,20.924924911637163,24.163367602140625,2.2226083430295756,"[np.float64(25.876165190787567), np.float64(24.591555090401034), np.float64(21.671890044716648), np.float64(24.50972945384299), np.float64(24.9340023615983), np.float64(22.39565272973836), np.float64(24.47081781403168), np.float64(24.279785039032625), np.float64(21.87742700647938), np.float64(24.87894232283719), np.float64(25.284936654877093), np.float64(26.329470088491178), np.float64(26.27097170621043), np.float64(21.40802886622644), np.float64(22.28771752231038), np.float64(25.193438136557944), np.float64(25.19093950396504), np.float64(25.19346297475272), np.float64(31.868830583450066), np.float64(25.305148623526957)]"
TCGA-A2-A04Q-DX1_xmin20868_ymin17804_MPP-0.2500.png,85.26448137963482,92.87963066167494,2.009548347181137,"[np.float64(95.15076194203614), np.float64(94.78763418866134), np.float64(94.18241316428653), np.float64(92.24909217239424), np.float64(94.39756910266148), np.float64(91.3339802325998), np.float64(92.40599344819492), np.float64(91.90890356601673), np.float64(93.04337894044758), np.float64(97.50894779502195), np.float64(89.14510027649145), np.float64(94.25215104242396), np.float64(89.65419891929564), np.float64(91.93576693009607), np.float64(95.05753185560967), np.float64(93.00819069986586), np.float64(90.72414110581633), np.float64(91.449023243155), np.float64(94.23882615954429), np.float64(91.41889739824066)]"
TCGA-A2-A04T-DX1_xmin72145_ymin39078_MPP-0.2500.png,1.6429861930104634,0.4722193193937836,1.9737680676741645,"[np.float64(0.9051364985577333), np.float64(0.5633629992014112), np.float64(-0.8309813758178506), np.float64(4.760107498044435), np.float64(1.740057364029806), np.float64(-3.578065853921431), np.float64(0.8451279489326389), np.float64(-0.8513536101429924), np.float64(2.1770859889862315), np.float64(-1.1128221574716177), np.float64(0.24274643645998556), np.float64(1.4821938773546979), np.float64(2.2037297077340265), np.float64(-1.9283734947177689), np.float64(-0.19678315228811316), np.float64(-0.47767130292812876), np.float64(-0.8344391457536402), np.float64(4.003127799955977), np.float64(1.2821827413156948), np.float64(-2.0495485892763066)]"
TCGA-A2-A0CM-DX1_xmin18562_ymin56852_MPP-0.2500.png,0.40143954084863676,-0.769245243897266,2.560121568335222,"[np.float64(1.0664786502122863), np.float64(3.4750671501280004), np.float64(1.2956852772050276), np.float64(-3.807985175805293), np.float64(-1.7377133896297687), np.float64(1.7645770544759793), np.float64(-2.1845841751348276), np.float64(0.11839361239519086), np.float64(0.7800228629614075), np.float64(-2.623106187053432), np.float64(-0.8882959560208662), np.float64(-7.251779924035411), np.float64(-2.818020526565846), np.float64(-1.2743815466835866), np.float64(-3.264811607826965), np.float64(2.4955773639660044), np.float64(-3.6295279998185315), np.float64(-1.6493342172912335), np.float64(-0.5077640893250833), np.float64(2.113301334234965)]"
TCGA-A2-A0D0-DX1_xmin68482_ymin39071_MPP-0.2500.png,53.11734099473242,61.01340507226938,1.94312961918383,"[np.float64(58.1416807699105), np.float64(63.339732576579294), np.float64(61.03387119430855), np.float64(59.05038777017348), np.float64(61.93761202079592), np.float64(61.41152446341632), np.float64(59.81297131795179), np.float64(61.15300924224942), np.float64(60.24277787854586), np.float64(61.24043976277188), np.float64(62.337666421311475), np.float64(64.18543870456008), np.float64(58.53777407461568), np.float64(65.27947182158191), np.float64(57.109229473224374), np.float64(60.70983488219821), np.float64(62.19003948523853), np.float64(61.575388807739444), np.float64(59.76800603262819), np.float64(60.59716057155483)]"
TCGA-A2-A0D2-DX1_xmin96887_ymin22299_MPP-0.2500.png,0.0,3.837173645764544,1.2457230667679615,"[np.float64(2.8511717764468782), np.float64(2.658444131876121), np.float64(5.536377839806593), np.float64(4.551204617694639), np.float64(2.4513544552432354), np.float64(5.636373396631045), np.float64(4.451772687517763), np.float64(5.462897883442464), np.float64(5.096431329611768), np.float64(2.1791836239203994), np.float64(2.716811565370605), np.float64(5.331760856011067), np.float64(5.057914176631474), np.float64(3.7953704578362477), np.float64(4.071828412382108), np.float64(6.392503437341394), np.float64(2.6540308680928844), np.float64(4.931368408104619), np.float64(3.4327883408967557), np.float64(3.4018112393101037)]"
TCGA-A2-A0ST-DX1_xmin109446_ymin18274_MPP-0.2500.png,46.10339150339663,43.75601957372187,1.5953823132549874,"[np.float64(45.95357327769625), np.float64(45.40685227169793), np.float64(45.38303884572315), np.float64(46.36697718803053), np.float64(43.79802725698739), np.float64(45.1199255163118), np.float64(43.13548606053496), np.float64(44.40435227869876), np.float64(43.4957334649865), np.float64(43.95001150370731), np.float64(44.9463336245957), np.float64(42.119578207254925), np.float64(47.94079412509279), np.float64(41.743984810722466), np.float64(41.327642348146405), np.float64(46.07224132072201), np.float64(45.33934496164775), np.float64(45.00425920782618), np.float64(45.01271059225043), np.float64(43.73152602802804)]"
TCGA-A2-A0SX-DX1_xmin53791_ymin56683_MPP-0.2500.png,43.34594848243366,46.05874870036349,1.2207393533144593,"[np.float64(44.26423995739182), np.float64(46.21035781675094), np.float64(44.70442527733926), np.float64(48.00898816719899), np.float64(45.76463393735921), np.float64(44.407754306778465), np.float64(45.4159770170575), np.float64(46.88461160891474), np.float64(44.93129959475554), np.float64(44.41430790923062), np.float64(46.546123123347314), np.float64(46.54868184258093), np.float64(45.044862349621226), np.float64(45.116672089126844), np.float64(46.52284857507876), np.float64(43.16258001736884), np.float64(43.243821151610376), np.float64(44.621860257858614), np.float64(45.631854396939794), np.float64(46.680563831559496)]"
TCGA-A2-A0T0-DX1_xmin72865_ymin59458_MPP-0.2500.png,25.16284254033977,22.84575407627746,1.3096061306037605,"[np.float64(25.79646651017656), np.float64(24.561073322681498), np.float64(22.525877016350606), np.float64(22.80772166047208), np.float64(20.84069534700184), np.float64(22.80872780429268), np.float64(22.268436798437182), np.float64(23.491191196953636), np.float64(21.191292189172813), np.float64(23.884447104759804), np.float64(25.911231902282616), np.float64(22.628233779363743), np.float64(23.64917752047534), np.float64(24.226042059699683), np.float64(22.043313132505787), np.float64(23.29393903989829), np.float64(22.87093887784105), np.float64(23.04110627337512), np.float64(21.299734508566527), np.float64(22.894774424795344)]"
TCGA-A2-A0T2-DX1_xmin63557_ymin56751_MPP-0.2500.png,15.238533521572373,12.909884753721089,2.288161518802104,"[np.float64(13.905881336211989), np.float64(15.812171969311173), np.float64(14.828426405891502), np.float64(17.2162496687442), np.float64(11.375189627944991), np.float64(14.654526027162445), np.float64(13.276568765197792), np.float64(17.289490620156435), np.float64(11.293288183010786), np.float64(11.230441069359538), np.float64(11.711099462833044), np.float64(8.662093305101475), np.float64(11.858374710359566), np.float64(11.391619430613693), np.float64(13.210672326673505), np.float64(13.593396705275408), np.float64(16.662226432152863), np.float64(14.81073243009319), np.float64(11.756077442396283), np.float64(11.113055411024373)]"
TCGA-A2-A0YE-DX1_xmin59206_ymin33505_MPP-0.2500.png,26.12653858590873,27.3363499437389,1.9330049260056543,"[np.float64(28.32018828675191), np.float64(24.695883529697614), np.float64(30.999267475447606), np.float64(29.695230185181472), np.float64(26.39799863952949), np.float64(23.910080885557143), np.float64(30.044094692069724), np.float64(27.10727025323366), np.float64(29.811982567685824), np.float64(24.147494626150163), np.float64(26.137599897831354), np.float64(27.346837343175267), np.float64(27.430311131268382), np.float64(26.43621900078041), np.float64(28.582049808433897), np.float64(25.20110908497371), np.float64(27.05159097369631), np.float64(27.576941207162697), np.float64(28.365227611856398), np.float64(28.759579699916678)]"
TCGA-A2-A0YM-DX1_xmin44520_ymin66915_MPP-0.2500.png,4.196438526689879,-5.369962696599111,2.2741510407861547,"[np.float64(-7.619246880274849), np.float64(-8.438191038070356), np.float64(-2.814609052802093), np.float64(-4.705334672639927), np.float64(-6.866935769712218), np.float64(-2.267658745554065), np.float64(-5.138613428013394), np.float64(-3.011368328471458), np.float64(-5.234925733778893), np.float64(-1.2484668468351368), np.float64(-1.859281011712702), np.float64(-5.867890993557258), np.float64(-3.4268207946904), np.float64(-4.079210797428816), np.float64(-2.6326995815344136), np.float64(-7.29980961775932), np.float64(-3.9978597766022324), np.float64(-3.2531137228999354), np.float64(-8.887441669445339), np.float64(-7.736479721930661)]"
TCGA-A2-A1G6-DX1_xmin57706_ymin69514_MPP-0.2500.png,17.947173147028955,9.322583984463792,2.076188994833299,"[np.float64(5.244119628943591), np.float64(8.783770315574676), np.float64(10.757668496055716), np.float64(12.327298088655848), np.float64(9.470773545303343), np.float64(12.579815075606376), np.float64(6.562381068034009), np.float64(5.915819105753483), np.float64(9.211488586670555), np.float64(10.090714882342407), np.float64(9.257194488275607), np.float64(5.187699784384039), np.float64(9.144343905438216), np.float64(6.713644983454086), np.float64(10.66192908212387), np.float64(10.055780476657489), np.float64(7.442824411809082), np.float64(8.294850149790404), np.float64(7.204156940685889), np.float64(9.197225789917448)]"
TCGA-A2-A3XS-DX1_xmin21421_ymin37486_MPP-0.2500.png,10.706040120361433,7.894602474156569,1.5257489090308483,"[np.float64(9.804887115159046), np.float64(5.923150381485481), np.float64(8.902695505192257), np.float64(6.834087237411687), np.float64(6.30885680963188), np.float64(7.680541754247454), np.float64(5.824117829317821), np.float64(6.7873038634622045), np.float64(5.4988466889788725), np.float64(11.824052739989348), np.float64(7.965129578100027), np.float64(6.495151458171398), np.float64(8.322562295625014), np.float64(7.669946374774909), np.float64(7.452663275090123), np.float64(9.122935874243419), np.float64(9.409617894251179), np.float64(6.833600178935514), np.float64(6.742965992867209), np.float64(7.344499079853281)]"
TCGA-A2-A3XT-DX1_xmin83566_ymin29931_MPP-0.2500.png,30.11777413404733,25.05361853237521,2.636252910678466,"[np.float64(20.44977620290404), np.float64(22.023236407978107), np.float64(27.78736706726426), np.float64(28.34355395937778), np.float64(24.555546453262455), np.float64(26.206732458486744), np.float64(25.676118841462284), np.float64(31.211380149285688), np.float64(27.292768355244363), np.float64(24.797783349413677), np.float64(23.142537651174358), np.float64(21.840725891860068), np.float64(25.460545804109657), np.float64(23.540917041806605), np.float64(22.209111113179862), np.float64(23.760472763890157), np.float64(22.89052252514642), np.float64(28.42790180252034), np.float64(26.816898046274112), np.float64(25.037673249741975)]"
TCGA-A2-A3XU-DX1_xmin33329_ymin26157_MPP-0.2500.png,0.0,1.5712366629763694,1.9220687591429784,"[np.float64(4.531124940756421), np.float64(1.725973278271606), np.float64(-0.1513317396801579), np.float64(4.617484817515684), np.float64(2.6490567503456868), np.float64(-0.5032556456765434), np.float64(1.1905593068091531), np.float64(-0.17999984379314493), np.float64(-1.1943627989523027), np.float64(3.4235917580396524), np.float64(5.390069943916631), np.float64(-1.225898484661913), np.float64(2.697175136357511), np.float64(0.26995152473271555), np.float64(0.5969858954469773), np.float64(0.3864488144986311), np.float64(-0.15674487638326262), np.float64(1.6682799188660233), np.float64(-0.09066356984570612), np.float64(2.112150314536047)]"
TCGA-A2-A3XX-DX1_xmin69942_ymin41560_MPP-0.2500.png,11.826497907266123,7.286377529660069,1.6364188583101713,"[np.float64(7.185901310761794), np.float64(6.808481435927249), np.float64(5.471250205576872), np.float64(6.132834868523403), np.float64(8.79715998131158), np.float64(8.288211904908831), np.float64(5.331267040062967), np.float64(7.48504214051852), np.float64(8.789151776403646), np.float64(3.947566967417325), np.float64(8.373097914419938), np.float64(5.961130011768375), np.float64(8.427574866846387), np.float64(5.759859216575035), np.float64(3.6766133283310305), np.float64(4.031292653893743), np.float64(7.3825474229828325), np.float64(7.805822533103032), np.float64(5.477744279451251), np.float64(8.563562447214817)]"
TCGA-A2-A3XY-DX1_xmin76297_ymin35510_MPP-0.2500.png,10.005620215476641,2.9441017088001837,1.855642315157894,"[np.float64(-0.378938415737736), np.float64(2.8119421115055507), np.float64(0.5220693092752704), np.float64(1.6404294931958654), np.float64(3.038899051433012), np.float64(1.223274978232279), np.float64(2.174990620340533), np.float64(4.956687327229065), np.float64(1.7903179697538862), np.float64(4.615485932930468), np.float64(0.6846879994849475), np.float64(4.0037100646307495), np.float64(5.8272389501159845), np.float64(-1.9991872914543949), np.float64(1.3503111978592302), np.float64(4.098245963161264), np.float64(2.5380109367141985), np.float64(3.6863934555428015), np.float64(1.7361313353685426), np.float64(3.1172812837459833)]"
TCGA-A7-A0CE-DX1_xmin58461_ymin18750_MPP-0.2500.png,16.52712040144368,23.855364246051447,1.901007080346854,"[np.float64(23.544009775267288), np.float64(26.19092836937106), np.float64(24.364205932653874), np.float64(24.530569570201852), np.float64(23.031610313806514), np.float64(22.88015179790646), np.float64(22.990247870412205), np.float64(24.64426853080804), np.float64(23.013395284410922), np.float64(24.434913959844273), np.float64(28.006165843342323), np.float64(25.59761365291483), np.float64(23.203317181715764), np.float64(26.257792090379336), np.float64(23.039213500008344), np.float64(19.77911517569574), np.float64(21.83919162421664), np.float64(20.113780403999737), np.float64(23.15233727796883), np.float64(23.89220100443055)]"
TCGA-A7-A0DA-DX1_xmin43731_ymin18175_MPP-0.2500.png,7.305369223037287,6.176487720604609,2.0255814032767656,"[np.float64(9.529362345155175), np.float64(6.830342468132934), np.float64(5.73828666298688), np.float64(7.835298882971587), np.float64(1.7542171025888385), np.float64(6.647716836821741), np.float64(7.718218108378542), np.float64(3.2193152290449256), np.float64(8.463995807018467), np.float64(6.853480535593437), np.float64(5.345911892803006), np.float64(7.442051452817179), np.float64(10.7178734362134), np.float64(6.540220230721599), np.float64(6.672928893205281), np.float64(5.25776592152412), np.float64(4.476798981675025), np.float64(7.8371593536930995), np.float64(4.464320068786874), np.float64(6.3196201950433935)]"
TCGA-A7-A26F-DX1_xmin72969_ymin11489_MPP-0.2500.png,23.24329014400363,23.58093116744325,1.934509855077802,"[np.float64(22.625616273913018), np.float64(24.538890818936032), np.float64(24.248255378017145), np.float64(25.65601105595905), np.float64(22.560898369733756), np.float64(23.041181296856507), np.float64(21.623403735878636), np.float64(22.692344647291026), np.float64(24.335532153532956), np.float64(25.094908400733953), np.float64(21.736600519088), np.float64(25.320143007654572), np.float64(26.29220688505315), np.float64(24.40780097389065), np.float64(27.334522792559383), np.float64(22.033352769236103), np.float64(21.091621760820416), np.float64(20.023490669634693), np.float64(26.573019790421615), np.float64(24.889662480151365)]"
TCGA-A7-A26G-DX1_xmin77919_ymin10728_MPP-0.2500.png,46.96411032572818,39.8403693946609,2.034084519718718,"[np.float64(39.729200052839985), np.float64(40.40030664730054), np.float64(37.58939130006414), np.float64(44.73187335389455), np.float64(40.098811758611355), np.float64(40.05915898387068), np.float64(41.29190264245828), np.float64(40.802387858134324), np.float64(40.288137443219156), np.float64(38.25942048377027), np.float64(40.78330610893289), np.float64(43.60441838761096), np.float64(42.53120948697085), np.float64(43.02674264793969), np.float64(38.81793804179853), np.float64(37.861159754143735), np.float64(39.5887955544616), np.float64(39.95181921923829), np.float64(42.0287524316028), np.float64(36.45544013523126)]"
TCGA-A7-A26I-DX1_xmin9689_ymin25668_MPP-0.2500.png,5.589103009387875,2.8671893867619618,2.2705358098338717,"[np.float64(5.926290025683189), np.float64(2.551173589603983), np.float64(2.0134272468671215), np.float64(0.8429806362416268), np.float64(-0.4425239569695769), np.float64(4.513530554685791), np.float64(3.0138253211387696), np.float64(0.287267587279854), np.float64(0.2770318426347296), np.float64(2.195619988181705), np.float64(6.205232437340747), np.float64(2.348006684034752), np.float64(-0.1390965194742506), np.float64(2.375703258590073), np.float64(2.321742247266621), np.float64(-2.5265838991211815), np.float64(2.7585996537263373), np.float64(2.4053203263446057), np.float64(4.259602116388798), np.float64(6.565101576652652)]"
TCGA-A7-A4SD-DX1_xmin53807_ymin11871_MPP-0.2500.png,88.62682031636092,89.18143326491025,2.13255720035287,"[np.float64(91.43456332400577), np.float64(88.64365588380059), np.float64(86.9683814474269), np.float64(94.32815287140997), np.float64(89.29987013293923), np.float64(89.20929184873614), np.float64(89.13318309069025), np.float64(89.57760278644596), np.float64(88.89271244106237), np.float64(88.03410925114979), np.float64(88.08771538242947), np.float64(89.11592672447826), np.float64(88.09458372264272), np.float64(87.75574169955593), np.float64(89.39429372029404), np.float64(88.67147883006854), np.float64(92.18941924207563), np.float64(83.87949364812422), np.float64(91.36444696875517), np.float64(91.67360364990552)]"
TCGA-A7-A4SE-DX1_xmin50530_ymin11318_MPP-0.2500.png,0.0,-5.754967887111514,1.9421976294908367,"[np.float64(-9.901748351927813), np.float64(-6.440343075272211), np.float64(-6.497849619103096), np.float64(-8.569991276547157), np.float64(-7.310601262293265), np.float64(-7.976119578043171), np.float64(-2.2504270002642683), np.float64(-3.8836111008165917), np.float64(-3.2118576971231962), np.float64(-4.311623759025044), np.float64(-8.013071429545972), np.float64(-6.804008419671061), np.float64(-4.7762187646556775), np.float64(-8.199223504895404), np.float64(-4.328971026766737), np.float64(-6.235618683427784), np.float64(-6.504609502210709), np.float64(-4.333047950704531), np.float64(-4.866441264139434), np.float64(-6.476900218749673)]"
TCGA-A7-A5ZV-DX1_xmin103009_ymin26581_MPP-0.2500.png,21.114573291208945,22.993063382937304,2.2097290497478297,"[np.float64(25.3117229896658), np.float64(20.83093672773751), np.float64(24.224934596825833), np.float64(24.17926589887407), np.float64(22.373970504309323), np.float64(23.64532942742154), np.float64(20.4908362301667), np.float64(24.841117421351107), np.float64(22.623259110051325), np.float64(21.947617341899225), np.float64(25.09108183461108), np.float64(21.584376001851787), np.float64(20.176140790210184), np.float64(19.879805035889497), np.float64(24.205083285628582), np.float64(20.43220467794474), np.float64(26.502651746906032), np.float64(18.82920456716986), np.float64(26.38597611951738), np.float64(23.41509831734254)]"
TCGA-A7-A6VV-DX1_xmin48674_ymin37475_MPP-0.2500.png,5.165397691066828,2.1622042414728035,1.276088489738499,"[np.float64(1.9687780177320189), np.float64(1.072366067854904), np.float64(2.9604764701769453), np.float64(2.0869348366231066), np.float64(4.368808005505846), np.float64(2.390659538796883), np.float64(2.4628077643965587), np.float64(1.4349798170450918), np.float64(2.0483129940306686), np.float64(2.777807779256922), np.float64(-1.2581325438404476), np.float64(-0.5341666027386225), np.float64(3.6487324295182333), np.float64(2.5039351177286875), np.float64(1.7942375687674452), np.float64(2.1990721076035897), np.float64(2.8573676521961455), np.float64(1.0826848808540805), np.float64(0.6055947906681782), np.float64(2.5538947516681665)]"
TCGA-A7-A6VW-DX1_xmin69350_ymin15716_MPP-0.2500.png,8.909908607241247,7.451439858274863,1.9617077093496447,"[np.float64(5.494694303044799), np.float64(8.267945369703806), np.float64(4.0462726497991826), np.float64(9.509751132926151), np.float64(8.39663482310095), np.float64(7.963499326902615), np.float64(9.416821826165892), np.float64(10.782388747200017), np.float64(9.480179988311125), np.float64(3.7696913956115727), np.float64(4.89228592480346), np.float64(6.201802702883506), np.float64(7.503621958696531), np.float64(8.48675789921311), np.float64(5.999952231967932), np.float64(7.82497338722902), np.float64(5.940673993568218), np.float64(6.228404252290967), np.float64(4.638117664578418), np.float64(5.604973366053055)]"
TCGA-A7-A6VY-DX1_xmin7308_ymin29955_MPP-0.2500.png,0.0,-3.0085330611469847,2.3154042952288933,"[np.float64(-5.7119022723796515), np.float64(-4.96027956710165), np.float64(-0.9012494679313057), np.float64(-4.9073308388108705), np.float64(2.256231068527797), np.float64(-2.0218972593852063), np.float64(-2.638860813757237), np.float64(-4.725248621509412), np.float64(-1.607913302329002), np.float64(-4.159808713622533), np.float64(-2.764513431856262), np.float64(2.1116360153906046), np.float64(-3.2006528605962843), np.float64(-0.7099864085756331), np.float64(-4.414885911398759), np.float64(-3.078510042140908), np.float64(0.5330682101240352), np.float64(-4.262467176722519), np.float64(0.6163640548468727), np.float64(-1.5930291902360338)]"
TCGA-A8-A07C-DX1_xmin23538_ymin17397_MPP-0.2500.png,11.650550144503011,20.9119410670477,1.618600392522089,"[np.float64(19.787007515259162), np.float64(22.176756545158742), np.float64(22.857049966301158), np.float64(22.15556099148209), np.float64(17.771491627266787), np.float64(19.457666715397963), np.float64(20.41690379594469), np.float64(20.763074208847605), np.float64(22.153285262149055), np.float64(21.267343068914208), np.float64(18.241252349627498), np.float64(21.672336769059626), np.float64(22.133112557615345), np.float64(22.03152196290978), np.float64(23.073502518156943), np.float64(22.57978537614551), np.float64(21.830301225504574), np.float64(20.771609644130404), np.float64(17.590019200015718), np.float64(21.77117750531287)]"
TCGA-A8-A07O-DX1_xmin11777_ymin16227_MPP-0.2500.png,11.657550945352227,11.590064821662558,1.326432024574254,"[np.float64(12.00544019598878), np.float64(12.133222496053305), np.float64(9.03656767002194), np.float64(9.427951740846034), np.float64(13.696370528328366), np.float64(11.510954513949248), np.float64(12.953066216407807), np.float64(11.646701573923481), np.float64(11.64957710065405), np.float64(13.466632433614553), np.float64(10.557975365227811), np.float64(11.782306375544525), np.float64(10.665514244252474), np.float64(10.721072366797927), np.float64(10.97172057472528), np.float64(12.034332364929984), np.float64(10.632567578335603), np.float64(14.1015770728096), np.float64(9.80085021722355), np.float64(11.21632153333984)]"
TCGA-A8-A08R-DX1_xmin14220_ymin13782_MPP-0.2500.png,0.0,-5.288554644779502,2.0334353323461745,"[np.float64(-6.168016761327852), np.float64(-2.3945988760720365), np.float64(-4.895445091756353), np.float64(-3.2248655658422325), np.float64(-8.259675390853445), np.float64(-4.7544541130409845), np.float64(-3.509293053532628), np.float64(-5.123986666228654), np.float64(-3.1575938946488), np.float64(-6.323131544980247), np.float64(-2.4698597644083424), np.float64(-0.6907583975410017), np.float64(-6.0142317656588204), np.float64(-6.179559687581046), np.float64(-2.3817856905441004), np.float64(-2.1294103533180775), np.float64(-6.334274699086039), np.float64(-6.128928278971217), np.float64(-5.852123862500517), np.float64(-7.977455666848057)]"
TCGA-A8-A09X-DX1_xmin55379_ymin38394_MPP-0.2500.png,5.913603723676164,10.026328284192108,1.8017622104574282,"[np.float64(8.189024391223711), np.float64(8.018046750687972), np.float64(8.49073315398385), np.float64(9.956958509418545), np.float64(10.49475774926515), np.float64(13.127329269820262), np.float64(8.029620202714526), np.float64(11.994973081145275), np.float64(9.59835059574109), np.float64(9.927400864887241), np.float64(11.375967268525315), np.float64(7.78088424106751), np.float64(10.791147776560209), np.float64(10.35923270061822), np.float64(11.011230812208407), np.float64(10.604665572007743), np.float64(14.936928564013897), np.float64(8.750848315689476), np.float64(8.964334374188471), np.float64(8.780047231342579)]"
TCGA-AC-A2BK-DX1_xmin15426_ymin8344_MPP-0.2500.png,11.476603982032545,5.372385732177434,1.9062256676828477,"[np.float64(4.261431493856924), np.float64(4.097611477564398), np.float64(7.750418794392537), np.float64(8.213394228157144), np.float64(4.230893144678481), np.float64(3.7076745859689764), np.float64(6.315216844950242), np.float64(4.267939643615492), np.float64(6.638249367688456), np.float64(5.778231773880033), np.float64(2.34089750218297), np.float64(8.467396134837557), np.float64(8.964141078368478), np.float64(4.146808351208661), np.float64(4.596982612305466), np.float64(5.944116513627244), np.float64(6.041299312151484), np.float64(6.689474277523095), np.float64(9.392794809710132), np.float64(5.018491277189335)]"
TCGA-AC-A2QH-DX1_xmin42173_ymin16859_MPP-0.2500.png,0.0,1.044317975023777,1.9882661741621726,"[np.float64(-0.5522765140531305), np.float64(-1.7143204810052775), np.float64(-0.41754210486006116), np.float64(0.9780640292761829), np.float64(4.633433702059352), np.float64(0.009095376951434142), np.float64(1.491893878301574), np.float64(1.011472182878273), np.float64(3.421104521919945), np.float64(6.09818282677102), np.float64(-0.017419570816864294), np.float64(0.06543908998733272), np.float64(3.1326397291619212), np.float64(2.4081009542764), np.float64(4.737732626495844), np.float64(2.212174345675705), np.float64(0.3257337934496579), np.float64(2.2256276364083956), np.float64(3.2617251361895923), np.float64(2.685282337418505)]"
TCGA-AC-A2QJ-DX1_xmin36620_ymin8672_MPP-0.2500.png,77.74061894233569,67.94226832293681,1.6230872491028638,"[np.float64(68.95681638515141), np.float64(70.07561770211512), np.float64(70.28085950382815), np.float64(70.70658630501187), np.float64(69.23968809811609), np.float64(67.6080321623031), np.float64(68.23569569580346), np.float64(70.35528625595353), np.float64(66.30839698096234), np.float64(68.67961494068261), np.float64(67.1555906982821), np.float64(67.99975796880645), np.float64(70.49917204815141), np.float64(68.32446645897662), np.float64(68.03514141924911), np.float64(65.22255604097697), np.float64(69.43477545499125), np.float64(69.23323668521897), np.float64(72.26877776954774), np.float64(67.32671185303082)]"
TCGA-AC-A6IW-DX1_xmin15387_ymin6222_MPP-0.2500.png,56.368812999117246,49.72788275462509,1.5903827811788678,"[np.float64(50.16618340995297), np.float64(50.2266501220466), np.float64(52.88278931415204), np.float64(49.53729168985119), np.float64(50.28592580616577), np.float64(50.94367577405817), np.float64(50.10110100093781), np.float64(48.835015525524035), np.float64(50.11606274042171), np.float64(51.875146254344635), np.float64(47.674852155802974), np.float64(49.99382210291884), np.float64(48.32764112474675), np.float64(52.11797601247478), np.float64(46.681508945057544), np.float64(48.61003906008192), np.float64(50.482306504754135), np.float64(52.85893081309377), np.float64(49.596382232479115), np.float64(48.6174837012387)]"
TCGA-AC-A7VC-DX1_xmin20658_ymin22410_MPP-0.2500.png,0.0,0.9843061793456176,2.1179710349877148,"[np.float64(4.746620318226798), np.float64(-1.9117216214868704), np.float64(-3.4133057338945463), np.float64(1.8643350794522824), np.float64(-0.01980226935960472), np.float64(-1.0581594549158089), np.float64(2.4010190739443242), np.float64(1.4719076068880153), np.float64(-0.14385108212783915), np.float64(-1.5763026179961712), np.float64(2.729220835905907), np.float64(2.2847085352629395), np.float64(0.7859544517868517), np.float64(4.677580171440949), np.float64(-1.1558633533066875), np.float64(-2.06674416250386), np.float64(-0.39950996041687126), np.float64(0.893134146634622), np.float64(1.4709850779910012), np.float64(0.5018340636329579)]"
TCGA-AN-A0AL-DX1_xmin15698_ymin29806_MPP-0.2500.png,0.0,3.6923328999770524,1.655761276623333,"[np.float64(4.396443693005646), np.float64(1.1892540515961643), np.float64(6.579862108123571), np.float64(3.528030543191915), np.float64(5.926924563153308), np.float64(4.37778359273246), np.float64(4.60583933828462), np.float64(4.83186746044146), np.float64(4.587750020011683), np.float64(4.97777841971214), np.float64(6.350637960241915), np.float64(4.085375239379992), np.float64(5.110340415154077), np.float64(3.512861511402599), np.float64(6.572567330875998), np.float64(2.339548295858513), np.float64(7.294213765798684), np.float64(3.6120169986883655), np.float64(0.8307826957409561), np.float64(3.948541729798631)]"
TCGA-AN-A0AR-DX1_xmin8468_ymin21166_MPP-0.2500.png,34.257931773876955,35.114773179826805,1.9714632215279158,"[np.float64(33.75266986487704), np.float64(36.79606027780425), np.float64(33.809525221222025), np.float64(34.222406313397244), np.float64(31.335691717935745), np.float64(34.210160541328655), np.float64(30.267014526568893), np.float64(31.94696753285536), np.float64(36.6356024921154), np.float64(36.68637349712847), np.float64(35.96568830339673), np.float64(33.18082089356838), np.float64(35.01935046754284), np.float64(35.10756810164567), np.float64(32.79804380144172), np.float64(38.12156978336111), np.float64(36.86949776097815), np.float64(34.67284483216748), np.float64(35.16854485781587), np.float64(35.53153879572191)]"
TCGA-AN-A0AT-DX1_xmin31171_ymin35756_MPP-0.2500.png,23.83993196517752,23.261690553236317,1.8612755181819352,"[np.float64(19.178220816387736), np.float64(22.767335788195123), np.float64(21.89772205724072), np.float64(21.258450533446485), np.float64(22.69948996746441), np.float64(26.857063606935363), np.float64(24.543376275770335), np.float64(22.119332573670725), np.float64(24.406856115948635), np.float64(26.060401426408323), np.float64(25.110957919061853), np.float64(23.380951293076667), np.float64(21.967816997825167), np.float64(24.6581371804635), np.float64(24.048661324079816), np.float64(25.05207699329178), np.float64(24.532034156600258), np.float64(25.360795983874986), np.float64(22.19122013011518), np.float64(25.89647868450497)]"
TCGA-AN-A0G0-DX1_xmin32741_ymin14546_MPP-0.2500.png,0.0,-1.505518477946444,1.8307978793852027,"[np.float64(-1.1103192685616445), np.float64(2.6450032673040873), np.float64(-2.88389411412558), np.float64(1.9664091283840548), np.float64(-1.1096969110211483), np.float64(-2.8083544851753404), np.float64(-2.473290146055087), np.float64(-2.146213094335084), np.float64(-0.6571865851426111), np.float64(-0.45984750187544465), np.float64(-2.652918485823602), np.float64(-1.5542276624684095), np.float64(2.7790222392772836), np.float64(1.9495678622549788), np.float64(-0.6328711385983797), np.float64(-1.4295115216100434), np.float64(-1.2654558245099212), np.float64(-0.2784825324856106), np.float64(-3.5511036083432552), np.float64(-2.020271552793134)]"
TCGA-AN-A0XU-DX1_xmin26118_ymin18441_MPP-0.2500.png,29.574512637960357,22.18190268612322,2.1316675048159697,"[np.float64(18.84473453836804), np.float64(22.98034893133378), np.float64(23.4762945655287), np.float64(21.215529761524472), np.float64(25.329876212703287), np.float64(19.730371360118536), np.float64(19.253152925703578), np.float64(22.630806323243164), np.float64(24.276099291347528), np.float64(25.54975806903896), np.float64(21.26413416038534), np.float64(24.33926435298581), np.float64(22.104885747121806), np.float64(21.83664808624158), np.float64(23.949222561096565), np.float64(23.48654844295006), np.float64(19.02911837215472), np.float64(25.134983385575012), np.float64(24.942085394418122), np.float64(20.93077728310416)]"
TCGA-AO-A03U-DX1_xmin17362_ymin25363_MPP-0.2500.png,20.20300148428315,16.603780442309606,2.0161410633402364,"[np.float64(17.395387509184424), np.float64(17.591840814875084), np.float64(17.12512797395742), np.float64(15.503170134618767), np.float64(15.260533706433502), np.float64(16.552672300326716), np.float64(18.949238480828335), np.float64(17.690980751498472), np.float64(15.862551778137394), np.float64(18.147177863606295), np.float64(10.906695201049455), np.float64(18.90131184305381), np.float64(13.124352884753407), np.float64(15.878898559503343), np.float64(14.364440653057319), np.float64(14.014417490867794), np.float64(18.925434017066646), np.float64(15.668378039685823), np.float64(17.296788205771037), np.float64(16.509939284551237)]"
TCGA-AO-A0J2-DX1_xmin33561_ymin14515_MPP-0.2500.png,0.0,-2.3031938547989377,1.705218889121557,"[np.float64(-1.3491122003526947), np.float64(-2.149550072678427), np.float64(-4.869178303176077), np.float64(-0.31066021590465764), np.float64(-3.2907070211215625), np.float64(-5.41635765211844), np.float64(-3.159424176730763), np.float64(0.698325726469684), np.float64(-0.6027503705719519), np.float64(-3.000498123614656), np.float64(-3.0017092634357954), np.float64(-2.946463957233703), np.float64(1.850302112322744), np.float64(-1.539322950335831), np.float64(-1.4431105604167984), np.float64(-0.2426269467352533), np.float64(-1.8256155367459106), np.float64(-2.821278146440344), np.float64(-2.695893552968894), np.float64(-2.4463963736270657)]"
TCGA-AO-A0J4-DX1_xmin17194_ymin10629_MPP-0.2500.png,54.49711425463333,59.78272538572791,2.348166440543097,"[np.float64(59.708280912708226), np.float64(61.237984473001866), np.float64(59.886617157342506), np.float64(61.24800554015906), np.float64(59.62129222551074), np.float64(59.93999576636009), np.float64(55.78632401666369), np.float64(61.615380735132874), np.float64(60.47570233752389), np.float64(61.77874560544721), np.float64(53.99021462934053), np.float64(63.95947479528936), np.float64(59.50354612941756), np.float64(61.99909101920294), np.float64(57.702913531476845), np.float64(61.00827319585305), np.float64(57.6758942593806), np.float64(58.535187464336296), np.float64(63.61078809346148), np.float64(59.401360584201214)]"
TCGA-AO-A0J6-DX1_xmin40548_ymin11135_MPP-0.2500.png,0.0,1.718091447842307,1.676216180664697,"[np.float64(2.1529571942017527), np.float64(3.4582269092198157), np.float64(2.7094552237875162), np.float64(2.01892925812946), np.float64(2.4480134527747577), np.float64(6.524922618318858), np.float64(1.6028538537751362), np.float64(2.1202895412722422), np.float64(3.819400239857531), np.float64(3.9291433137582747), np.float64(4.092152058963068), np.float64(2.9955518919006763), np.float64(-0.56791837761866), np.float64(4.984954512444499), np.float64(-0.5745993381950689), np.float64(2.3233623783203736), np.float64(0.2095397478035912), np.float64(1.589814754656322), np.float64(2.375616268449268), np.float64(2.360805878742853)]"
TCGA-AO-A124-DX1_xmin16436_ymin1748_MPP-0.2500.png,23.25863744952366,14.443436672709991,1.842867567967549,"[np.float64(15.287278181180561), np.float64(17.670859210827285), np.float64(15.35050527573795), np.float64(13.955123402128693), np.float64(16.371611009286706), np.float64(16.82237765055927), np.float64(11.988221042436006), np.float64(15.638236812409707), np.float64(15.845782157331788), np.float64(13.848309665990007), np.float64(17.19485029933323), np.float64(14.143325498644938), np.float64(14.694589579653076), np.float64(14.097293024142251), np.float64(14.474594767872926), np.float64(12.250886498919588), np.float64(11.563334907521401), np.float64(17.632446799159936), np.float64(12.749513976073334), np.float64(12.460651973797377)]"
TCGA-AO-A128-DX1_xmin11924_ymin4831_MPP-0.2500.png,14.278536072514076,15.898955919488051,2.926960089165814,"[np.float64(11.592175692280621), np.float64(14.621032424109046), np.float64(13.252776332673054), np.float64(19.18298623976079), np.float64(17.91859009817332), np.float64(14.522655229132603), np.float64(20.40382753017667), np.float64(17.86248689347124), np.float64(15.249293152470806), np.float64(10.900144489740905), np.float64(20.480841064669534), np.float64(13.119810985960859), np.float64(12.608158425574267), np.float64(17.94409678350733), np.float64(20.778460732166597), np.float64(18.667501556509087), np.float64(17.02677415959277), np.float64(17.088464602818622), np.float64(17.605787037048668), np.float64(17.41681309906158)]"
TCGA-AO-A129-DX1_xmin37502_ymin12501_MPP-0.2500.png,36.98518318699542,35.059771784913835,1.6642211452622158,"[np.float64(35.622154632852585), np.float64(35.26817399281759), np.float64(34.93458552911479), np.float64(33.55184260718048), np.float64(34.498421631180285), np.float64(31.673858156523064), np.float64(34.863092531324334), np.float64(33.082589570612), np.float64(32.85259315048229), np.float64(35.419560087220795), np.float64(37.84377635760303), np.float64(36.89640499691846), np.float64(31.91877057766748), np.float64(33.08051551177316), np.float64(36.941314160890265), np.float64(33.094796997837214), np.float64(34.610505484919784), np.float64(36.15987598296294), np.float64(33.12308287518656), np.float64(35.27052279720576)]"
TCGA-AO-A12F-DX1_xmin16484_ymin29374_MPP-0.2500.png,0.0,-3.3846100015297935,1.726944108368669,"[np.float64(-6.052660991366203), np.float64(-4.587345289432221), np.float64(-2.7450461332447196), np.float64(-6.570597468593132), np.float64(-2.5036605256089954), np.float64(-3.423885599383156), np.float64(-2.279630092695498), np.float64(-2.936781733400471), np.float64(-0.6563291415821051), np.float64(-3.134160996233979), np.float64(-4.2434210837803), np.float64(-3.140014995465226), np.float64(-2.2980139434570175), np.float64(-3.286889860878385), np.float64(-3.3034266191220287), np.float64(-4.788593377143304), np.float64(-4.71041183663169), np.float64(-6.18982054512918), np.float64(0.11454348484408516), np.float64(-5.872336472312364)]"
TCGA-AO-A1KR-DX1_xmin19591_ymin37667_MPP-0.2500.png,25.83861734973491,28.89699879393925,1.8363099866763053,"[np.float64(27.511188398347436), np.float64(27.460184262800855), np.float64(30.686847547828133), np.float64(28.307099437355195), np.float64(31.39248293928672), np.float64(27.550017545451514), np.float64(29.454987118386853), np.float64(27.226304687419734), np.float64(33.18729704948603), np.float64(26.521801955880225), np.float64(29.516640214393306), np.float64(30.164552555803446), np.float64(29.724596988842247), np.float64(28.526423476183833), np.float64(28.6373573944724), np.float64(28.98462173789747), np.float64(28.602994790682274), np.float64(30.82475702752907), np.float64(33.318044797121956), np.float64(27.782015223923583)]"
TCGA-AQ-A04J-DX1_xmin64631_ymin12074_MPP-0.2500.png,29.06030224514021,34.21529985761997,2.2184449082059916,"[np.float64(31.475693898461813), np.float64(34.03873576091746), np.float64(39.374718532928604), np.float64(32.60795072168051), np.float64(37.493533468508105), np.float64(37.57070148577285), np.float64(33.10812337420398), np.float64(35.35326601599052), np.float64(37.47209310387704), np.float64(33.45704437564499), np.float64(33.808139137415246), np.float64(33.05193802972268), np.float64(32.185786396234235), np.float64(32.916744767487955), np.float64(31.767419324095457), np.float64(34.28346679413842), np.float64(32.67535339550268), np.float64(34.68287168120146), np.float64(31.103508565212714), np.float64(34.877060322048884)]"
TCGA-AQ-A54N-DX1_xmin32440_ymin26558_MPP-0.2500.png,57.51944256790845,62.17584316348944,1.9403194000989774,"[np.float64(63.842901086707286), np.float64(58.18837187834653), np.float64(62.92395630318458), np.float64(64.63118114843603), np.float64(59.75656112610703), np.float64(65.52098793716485), np.float64(63.01388118222153), np.float64(60.76581945197262), np.float64(62.064305008174024), np.float64(63.29249698853288), np.float64(62.327853946314264), np.float64(63.25335514838218), np.float64(60.334495977330704), np.float64(62.5145648115616), np.float64(59.34841416967948), np.float64(61.95339104079204), np.float64(60.36802788055986), np.float64(60.704783278309904), np.float64(64.64802951391032), np.float64(64.35846340467798)]"
TCGA-AR-A0TS-DX1_xmin118843_ymin22812_MPP-0.2500.png,22.86888244971078,18.67279483359759,2.106572598115631,"[np.float64(19.891071075411944), np.float64(16.48816930425243), np.float64(18.039977934207986), np.float64(21.098990233555956), np.float64(18.956228660877397), np.float64(23.311453913560978), np.float64(19.459430512386334), np.float64(19.05689306657765), np.float64(18.054561905192585), np.float64(18.939876643162155), np.float64(18.367855160836502), np.float64(20.08901218697477), np.float64(20.586199467186756), np.float64(17.10081591258169), np.float64(16.010328926482032), np.float64(15.000384087390996), np.float64(19.688777487422676), np.float64(16.466061621249843), np.float64(14.367013647692623), np.float64(19.44995204265952)]"
TCGA-AR-A0TU-DX1_xmin88352_ymin23098_MPP-0.2500.png,19.203023447568633,17.65696156831256,1.5010139380128733,"[np.float64(22.642960603178143), np.float64(17.644819745232773), np.float64(19.333943117215846), np.float64(17.820620285407692), np.float64(17.459182261930277), np.float64(19.4951145342881), np.float64(17.076412479935257), np.float64(18.191746196456368), np.float64(18.300357180704587), np.float64(16.32078066102646), np.float64(19.641046267385605), np.float64(17.307042054921745), np.float64(16.14547124932687), np.float64(18.729981255453367), np.float64(15.860025604730486), np.float64(17.713323883050816), np.float64(17.638723575024155), np.float64(19.828752699975716), np.float64(18.606358034072468), np.float64(17.606907650822272)]"
TCGA-AR-A0U1-DX1_xmin63681_ymin24922_MPP-0.2500.png,65.37462252135417,67.030939678372,1.7670342439922866,"[np.float64(68.66647227677257), np.float64(69.81135477640662), np.float64(68.14656029107572), np.float64(67.05164491805876), np.float64(64.40726721367167), np.float64(64.90071235222125), np.float64(66.42049026966266), np.float64(65.81191527405343), np.float64(66.6569970724011), np.float64(67.14423952816621), np.float64(68.09032518708545), np.float64(66.88994212225381), np.float64(68.0039429660244), np.float64(67.15988850799224), np.float64(63.08000654566425), np.float64(65.15226889073449), np.float64(66.74276456692876), np.float64(64.61155019268978), np.float64(68.23079713836441), np.float64(70.09244134305939)]"
TCGA-AR-A0U4-DX1_xmin41141_ymin69786_MPP-0.2500.png,55.40671998630523,60.28444562191702,1.9884877167150097,"[np.float64(62.721969325311655), np.float64(59.857559880056606), np.float64(63.265897895616924), np.float64(60.58178053632125), np.float64(59.610273679680944), np.float64(59.057640294835146), np.float64(59.67950624894077), np.float64(59.508091984834564), np.float64(60.625278066667995), np.float64(60.60559358401675), np.float64(60.290537662223855), np.float64(61.15832196140972), np.float64(62.66573817148971), np.float64(62.18355389279967), np.float64(57.314649685017216), np.float64(55.17660335211311), np.float64(62.15308544439557), np.float64(57.55068822508618), np.float64(59.83491481813166), np.float64(57.94421956979831)]"
TCGA-AR-A1AI-DX1_xmin38671_ymin10616_MPP-0.2500.png,72.85784866883401,70.46197747960755,1.796457954359674,"[np.float64(66.85801660444751), np.float64(71.54490293601712), np.float64(71.98028780021285), np.float64(69.30895667815412), np.float64(65.27989289531773), np.float64(69.3694885831026), np.float64(71.24558549041265), np.float64(67.5041543420593), np.float64(70.82869731916587), np.float64(70.43135778126157), np.float64(71.62056047880974), np.float64(70.70113821643587), np.float64(68.51583959784445), np.float64(72.85512048293654), np.float64(70.14491833355362), np.float64(70.40736840058769), np.float64(68.59544156146116), np.float64(69.57541297722453), np.float64(68.69237205155375), np.float64(70.1160853597607)]"
TCGA-AR-A1AQ-DX1_xmin18171_ymin38296_MPP-0.2500.png,54.620557822081956,53.69226293876287,2.1771937853101826,"[np.float64(57.115679899047564), np.float64(50.94846065290016), np.float64(50.46514014300939), np.float64(56.63460359375009), np.float64(53.273615584459144), np.float64(52.35411746144304), np.float64(55.77207231355503), np.float64(52.481031859289146), np.float64(57.34428236585674), np.float64(55.04811468144141), np.float64(52.71644012247147), np.float64(58.006879365293884), np.float64(52.4808330927562), np.float64(55.176453682781485), np.float64(54.290848099575854), np.float64(56.29574551756047), np.float64(56.815285332216575), np.float64(53.756271236894406), np.float64(52.18542719807051), np.float64(54.612207224641104)]"
TCGA-AR-A1AR-DX1_xmin12708_ymin29100_MPP-0.2500.png,41.25015275132085,35.71847788129071,2.010572709498486,"[np.float64(34.363047141786495), np.float64(39.745252376343956), np.float64(35.99154854345618), np.float64(34.98783477866649), np.float64(36.08783849302053), np.float64(33.024225302231315), np.float64(33.77524980426941), np.float64(38.11930569717956), np.float64(34.40468932334792), np.float64(33.62465591592683), np.float64(36.79178338634528), np.float64(38.0898861906167), np.float64(37.156384502620845), np.float64(37.71057325290234), np.float64(34.20488770415179), np.float64(32.87485654780702), np.float64(38.721145185201685), np.float64(35.07311820360644), np.float64(35.216811848380615), np.float64(38.37486616498882)]"
TCGA-AR-A1AY-DX1_xmin62652_ymin27061_MPP-0.2500.png,0.0,-5.981033120403354,2.0619069605379154,"[np.float64(-4.868573101602034), np.float64(-5.069257576240139), np.float64(-1.651028430601186), np.float64(-7.26806958116364), np.float64(-4.125352864240879), np.float64(-5.867006870609185), np.float64(-5.44384856267684), np.float64(-2.9240962675782907), np.float64(-4.965361607824106), np.float64(-4.904440962304088), np.float64(-3.8360184457837496), np.float64(-6.710938579489125), np.float64(-7.659452455081366), np.float64(-8.07065150844542), np.float64(-9.913746299155358), np.float64(-1.8686188605227096), np.float64(-8.18744985184672), np.float64(-6.423540367574898), np.float64(-6.534659720181195), np.float64(-5.366219724785153)]"
TCGA-AR-A256-DX1_xmin41577_ymin17076_MPP-0.2500.png,37.558450387365106,41.6210794993361,1.4081238347135612,"[np.float64(43.25255392441469), np.float64(43.34202647605559), np.float64(40.45492462219822), np.float64(41.286836071763275), np.float64(42.186239400312694), np.float64(41.123697246969), np.float64(44.83577065137608), np.float64(42.6030294026126), np.float64(43.090835071435734), np.float64(42.94684203667092), np.float64(43.968027214306744), np.float64(41.983122616743515), np.float64(39.0274156034244), np.float64(42.420455402841384), np.float64(40.31836571175244), np.float64(40.563846135836584), np.float64(42.79380753684629), np.float64(44.09764564220337), np.float64(41.66362265280822), np.float64(42.238745524534025)]"
TCGA-AR-A2LH-DX1_xmin78480_ymin42305_MPP-0.2500.png,14.364920192653646,21.14612033550776,2.1357068850573637,"[np.float64(24.550550224778235), np.float64(21.627626694484896), np.float64(26.34948656386855), np.float64(22.277139626770847), np.float64(17.624594817196126), np.float64(22.652803577716824), np.float64(21.908437105273315), np.float64(23.72562584367325), np.float64(22.492483038047677), np.float64(20.869208367540214), np.float64(18.697523862929028), np.float64(20.72807382093571), np.float64(19.44507942708916), np.float64(19.985073435898315), np.float64(22.323277144348978), np.float64(24.48592934421057), np.float64(21.93546339515372), np.float64(18.75435421143739), np.float64(22.03532567194804), np.float64(23.539383308799064)]"
TCGA-AR-A2LR-DX1_xmin46540_ymin31961_MPP-0.2500.png,0.0,-0.3600506079016692,1.7995502735312126,"[np.float64(-1.5796164165404336), np.float64(-0.6280849412475046), np.float64(-0.33067421844327505), np.float64(-1.9298472340661492), np.float64(0.9365102597860488), np.float64(-0.6019469051172324), np.float64(0.4790142799123863), np.float64(-2.1350349635058694), np.float64(-1.2349672085484902), np.float64(1.0847121077538735), np.float64(-1.105716912085203), np.float64(3.093877094565141), np.float64(-1.159322979130874), np.float64(0.08931884360210263), np.float64(1.5051310558445106), np.float64(-3.1967820737677326), np.float64(-3.881668231863221), np.float64(-3.4113632370418587), np.float64(2.165117598952695), np.float64(-1.4637668996865627)]"
TCGA-AR-A5QQ-DX1_xmin107130_ymin49863_MPP-0.2500.png,69.36543946544894,74.38310395490906,2.026571344607169,"[np.float64(79.49950252624556), np.float64(73.25460875759428), np.float64(74.75220656130314), np.float64(77.46732386004481), np.float64(78.39528973122731), np.float64(78.50611110818186), np.float64(76.79983641609535), np.float64(76.43122900653198), np.float64(75.56815785331143), np.float64(75.93982610724234), np.float64(73.280732522252), np.float64(72.74670618806445), np.float64(74.37635504008716), np.float64(74.0427347098592), np.float64(73.47664785625452), np.float64(75.77587884982249), np.float64(76.29371437205008), np.float64(74.55991772749276), np.float64(77.33816411701959), np.float64(72.09972572664205)]"
TCGA-BH-A0AV-DX1_xmin77937_ymin57165_MPP-0.2500.png,26.45213484900207,28.26031497424024,2.110119616464727,"[np.float64(27.872996055680805), np.float64(26.82667033303463), np.float64(24.527241740094123), np.float64(28.094953602554842), np.float64(28.016819957473675), np.float64(31.287214460724503), np.float64(29.521938343349795), np.float64(26.211941325581833), np.float64(31.968500106908618), np.float64(30.702382365290948), np.float64(29.424510381177473), np.float64(27.807346776540577), np.float64(26.341436500793282), np.float64(27.515901422098135), np.float64(30.437812213648613), np.float64(32.02948758610946), np.float64(31.34680203078462), np.float64(27.282616130667694), np.float64(26.02108010766222), np.float64(28.54208746806265)]"
TCGA-BH-A0B3-DX1_xmin82526_ymin42184_MPP-0.2500.png,27.300349061815748,24.074750288790128,2.252875319176486,"[np.float64(20.537871557664424), np.float64(24.721085717159692), np.float64(23.77954511619279), np.float64(23.142677285053644), np.float64(20.885344154256536), np.float64(25.10195050192956), np.float64(23.009348609466304), np.float64(21.734916617369553), np.float64(18.33022586222683), np.float64(24.019720478688853), np.float64(27.619253482129615), np.float64(27.39726871788587), np.float64(23.160557775617583), np.float64(22.870326168066565), np.float64(25.012298800940176), np.float64(22.077979410413544), np.float64(24.67833408842906), np.float64(25.606910845559508), np.float64(26.528616736558742), np.float64(23.874442135830222)]"
TCGA-BH-A0B9-DX1_xmin62727_ymin56697_MPP-0.2500.png,37.42392692304657,39.230904950588645,1.815213600736601,"[np.float64(38.823557450234716), np.float64(37.47493977707552), np.float64(37.57714424250892), np.float64(38.777947166785594), np.float64(39.965635964221), np.float64(41.05807420305514), np.float64(37.62454704922796), np.float64(42.21628208850769), np.float64(38.68865774850351), np.float64(39.18817036189177), np.float64(37.736481592292996), np.float64(34.38242443004276), np.float64(40.99899574331074), np.float64(40.704592744773514), np.float64(38.66824983635222), np.float64(39.36488638503839), np.float64(40.26278338599684), np.float64(36.10581323681556), np.float64(38.17279959589605), np.float64(40.819434309832296)]"
TCGA-BH-A0BG-DX1_xmin64019_ymin24975_MPP-0.2500.png,31.617289749143037,39.30747258147288,1.6120049634976419,"[np.float64(36.79889373513438), np.float64(39.894588445806136), np.float64(36.59430897222607), np.float64(40.240332546339936), np.float64(39.236189616877915), np.float64(36.07720894966186), np.float64(41.63695129038722), np.float64(37.83828942787678), np.float64(37.68696770744412), np.float64(39.70861097593477), np.float64(41.60474728033031), np.float64(37.27582894351609), np.float64(39.430832281168826), np.float64(40.165105582134025), np.float64(40.69368379599917), np.float64(39.66035569202733), np.float64(38.57341690330623), np.float64(37.65229214017544), np.float64(39.47976034756563), np.float64(37.16319455750167)]"
TCGA-BH-A0BL-DX1_xmin25219_ymin42847_MPP-0.2500.png,5.092852060354293,4.913721864804535,2.359079140061382,"[np.float64(-0.9289791021846794), np.float64(5.786841473119871), np.float64(6.721591546976926), np.float64(0.1878569937208585), np.float64(2.8942604553846603), np.float64(6.152030386814931), np.float64(9.028712804227933), np.float64(4.955309280155351), np.float64(3.4577159823462664), np.float64(4.547928982594855), np.float64(7.6634747031009045), np.float64(3.6217935065554645), np.float64(3.315337851504028), np.float64(3.9482348204404705), np.float64(3.007064648287111), np.float64(5.159062496794126), np.float64(8.163078781743657), np.float64(5.559880411036594), np.float64(4.40901486055196), np.float64(4.330099326973447)]"
TCGA-BH-A0BW-DX1_xmin42346_ymin30843_MPP-0.2500.png,15.556968472649762,23.380186751719794,2.202894183534665,"[np.float64(20.25380513432648), np.float64(25.14640630601411), np.float64(23.22451235769419), np.float64(23.019226924538543), np.float64(29.766401887409515), np.float64(23.977692568451168), np.float64(21.876604651529426), np.float64(22.527471559308708), np.float64(25.677078170113305), np.float64(23.60672757279532), np.float64(20.503630795085062), np.float64(25.2186446208702), np.float64(22.043898580641805), np.float64(27.126782304154887), np.float64(25.54028288314909), np.float64(22.48554296040229), np.float64(25.94221947519002), np.float64(23.5158977727746), np.float64(25.085734101964235), np.float64(24.349652386308744)]"
TCGA-BH-A0E0-DX1_xmin16640_ymin43761_MPP-0.2500.png,41.735379561958744,28.63665404151002,2.018052770186907,"[np.float64(26.943940731528272), np.float64(27.349554376875098), np.float64(30.696575676672342), np.float64(27.96710337729694), np.float64(27.829357115026028), np.float64(26.726408882811313), np.float64(29.483852172696942), np.float64(32.76170387999631), np.float64(26.501588213001476), np.float64(28.685092954855538), np.float64(31.461095152340878), np.float64(28.47737125901859), np.float64(29.54139763400949), np.float64(26.511866985216262), np.float64(29.493268235925317), np.float64(28.262365511500924), np.float64(30.608114032869747), np.float64(31.011426144639522), np.float64(33.81578132554725), np.float64(29.795920387937173)]"
TCGA-BH-A0E6-DX1_xmin54786_ymin20002_MPP-0.2500.png,9.929542527818528,14.039055049694646,1.7373832935667424,"[np.float64(14.690647682858978), np.float64(14.427823652849318), np.float64(13.332722464073269), np.float64(14.716022736618028), np.float64(13.448252229416587), np.float64(14.375977002233874), np.float64(16.674250120910564), np.float64(12.025969919135363), np.float64(16.318812171952736), np.float64(16.673285184374375), np.float64(13.80291799571249), np.float64(9.795345251677457), np.float64(12.823411075505781), np.float64(16.633044142816864), np.float64(13.993318925096881), np.float64(12.040450585104825), np.float64(13.029505207238211), np.float64(15.720295102703751), np.float64(15.132522186097404), np.float64(13.561190851355258)]"
TCGA-BH-A0RX-DX1_xmin69099_ymin22327_MPP-0.2500.png,42.78758630066275,43.222821641853606,1.6119951571717115,"[np.float64(42.48917281822423), np.float64(42.439305343765966), np.float64(41.3780012728566), np.float64(46.45357302079249), np.float64(42.578180703430924), np.float64(45.6571386835046), np.float64(46.26545374569851), np.float64(45.219443438149526), np.float64(42.35958101641751), np.float64(44.030281822526824), np.float64(43.174430429071776), np.float64(41.41541792039335), np.float64(43.87154020529681), np.float64(40.864742059534), np.float64(45.598180418776735), np.float64(42.29358704725682), np.float64(43.625140953599285), np.float64(43.78939738494589), np.float64(42.70501169444545), np.float64(44.396209244804155)]"
TCGA-BH-A0WA-DX1_xmin56581_ymin24774_MPP-0.2500.png,46.28400079423721,44.788964041907875,1.7502627531760582,"[np.float64(43.83915672866283), np.float64(46.53155863682236), np.float64(42.097004681414376), np.float64(45.0417232010007), np.float64(48.66682204002444), np.float64(42.788301392696724), np.float64(43.43347410085817), np.float64(45.8167797412257), np.float64(45.14812760578707), np.float64(45.49022424045499), np.float64(45.7673383022032), np.float64(46.05840697903142), np.float64(47.008363725820324), np.float64(45.6086013557649), np.float64(44.30644873267079), np.float64(46.13411144431333), np.float64(48.58872791169831), np.float64(44.52369654914273), np.float64(42.83990543256659), np.float64(47.00312538048182)]"
TCGA-BH-A18G-DX1_xmin16831_ymin497_MPP-0.2500.png,29.46098500398814,29.91978888666565,1.674887169137957,"[np.float64(29.679026558758455), np.float64(25.574449794637577), np.float64(31.614632240966493), np.float64(28.849132514757805), np.float64(29.738722322057328), np.float64(30.583749547803677), np.float64(30.30078824622378), np.float64(31.338692520943727), np.float64(29.04881614552596), np.float64(30.946000483017816), np.float64(29.400695531497817), np.float64(31.397409848440656), np.float64(31.150523854691755), np.float64(28.048911482576457), np.float64(32.09175311901571), np.float64(28.847861996437555), np.float64(31.53590448322794), np.float64(30.654363513468333), np.float64(33.596156240255894), np.float64(29.472856921921945)]"
TCGA-BH-A18V-DX1_xmin50030_ymin48454_MPP-0.2500.png,12.98827373626055,3.050429163256087,2.0678253429619953,"[np.float64(2.351795571019692), np.float64(3.011589951480622), np.float64(2.444069597587536), np.float64(4.650312967140187), np.float64(-0.18219205361708868), np.float64(0.943064324963379), np.float64(0.914823320097701), np.float64(4.951044347203238), np.float64(6.471655908419938), np.float64(2.841530726181144), np.float64(2.712785716876066), np.float64(3.19053348948245), np.float64(5.3741857684724685), np.float64(1.195722894874939), np.float64(3.527167128725657), np.float64(5.000824422820947), np.float64(4.052617503135778), np.float64(3.429592396453574), np.float64(5.0525213483903695), np.float64(-2.356035422742387)]"
TCGA-BH-A1EW-DX1_xmin66752_ymin42706_MPP-0.2500.png,0.0,-1.0983594391875597,2.064288653944424,"[np.float64(0.2573911998742555), np.float64(-2.4065108054424074), np.float64(-4.759625232900474), np.float64(-0.07595424013759833), np.float64(1.6489576511383557), np.float64(-1.3732564684429436), np.float64(0.807389655218318), np.float64(2.1261970767897314), np.float64(1.531469467980535), np.float64(2.1815696195552263), np.float64(0.38589554295622475), np.float64(-0.9474921613843741), np.float64(-4.3022910629818965), np.float64(-1.590484415447457), np.float64(-2.784852629819943), np.float64(3.243525995808068), np.float64(-1.450131064052233), np.float64(-0.8519498256185885), np.float64(0.004611312893375352), np.float64(-1.0111545464426523)]"
TCGA-BH-A1F6-DX1_xmin53806_ymin49901_MPP-0.2500.png,0.0,1.7855628575587321,1.8378908410150163,"[np.float64(5.175664938420239), np.float64(0.5402641340898282), np.float64(2.1747777680332177), np.float64(0.3006216861626356), np.float64(-0.8544821648826795), np.float64(0.5620246757481613), np.float64(1.711489263461908), np.float64(0.9269584085242122), np.float64(0.40072089781102016), np.float64(-1.0270720697849356), np.float64(1.6193517123013426), np.float64(-1.2238778905032723), np.float64(3.3056747849379375), np.float64(1.9504423634277388), np.float64(-1.129540141371129), np.float64(1.1671447034590052), np.float64(0.2812500463775658), np.float64(2.423911878397093), np.float64(4.466463749605021), np.float64(-1.964782081732757)]"
TCGA-BH-A1FC-DX1_xmin52216_ymin33355_MPP-0.2500.png,57.52313768951522,64.9126079132228,1.907547119607252,"[np.float64(65.14266007151764), np.float64(64.59234232208952), np.float64(66.25528806612373), np.float64(65.33900116969818), np.float64(63.40866924974516), np.float64(64.27450004188957), np.float64(63.32055619961582), np.float64(67.06462219042), np.float64(64.95523121056668), np.float64(68.71498928472882), np.float64(64.79128628559356), np.float64(63.49579437940187), np.float64(61.88517912799715), np.float64(61.30632856071091), np.float64(61.74433602721182), np.float64(65.44686121524576), np.float64(65.93005795968267), np.float64(61.75022650915853), np.float64(66.70268454137504), np.float64(63.94648580985592)]"
TCGA-BH-A42U-DX1_xmin72053_ymin88645_MPP-0.2500.png,23.590109885386205,20.998758794017967,1.713512123580854,"[np.float64(21.292344817989065), np.float64(24.223200050528817), np.float64(22.79243742574903), np.float64(20.461697498206302), np.float64(19.216374343187393), np.float64(16.695127991359357), np.float64(19.560452155533127), np.float64(20.576498316362578), np.float64(19.024399739715598), np.float64(20.736244859833356), np.float64(21.152462559935504), np.float64(20.54904683040181), np.float64(19.698753632371048), np.float64(21.336068137951422), np.float64(21.882640093156784), np.float64(18.817960639132274), np.float64(23.820623553510508), np.float64(20.801582529449444), np.float64(21.03645803990766), np.float64(22.41518764053108)]"
TCGA-C8-A12V-DX1_xmin11056_ymin54401_MPP-0.2500.png,42.63317568895071,38.59070767448477,1.5169980711270488,"[np.float64(39.05713993701177), np.float64(40.49698094231126), np.float64(39.16495600488842), np.float64(37.36583292520389), np.float64(39.31371472489697), np.float64(36.303255259843446), np.float64(38.80782708603782), np.float64(38.524247693195846), np.float64(38.17447395993969), np.float64(38.333632651606905), np.float64(34.82700958348949), np.float64(37.493257859002846), np.float64(38.776397476766995), np.float64(38.91042045847957), np.float64(36.535357392632854), np.float64(41.12212335621417), np.float64(36.858357978055764), np.float64(40.52962207553824), np.float64(39.44509639822814), np.float64(37.298253054797165)]"
TCGA-C8-A131-DX1_xmin43049_ymin10894_MPP-0.2500.png,82.68243557062515,80.17365035270247,2.1200286753374735,"[np.float64(83.72427213792149), np.float64(77.78637668918951), np.float64(82.01195869992247), np.float64(82.17481498878843), np.float64(78.83240993454918), np.float64(82.95858095283113), np.float64(79.67355732350457), np.float64(80.75103761126218), np.float64(80.6942940302449), np.float64(79.90503286976137), np.float64(81.79526689902202), np.float64(81.76062779380689), np.float64(76.67658640622611), np.float64(82.78233083845878), np.float64(76.84866637663112), np.float64(82.23874276138578), np.float64(82.42706062635763), np.float64(77.99171749227207), np.float64(79.3520217767933), np.float64(77.9622410157306)]"
TCGA-C8-A1HJ-DX1_xmin46412_ymin17174_MPP-0.2500.png,53.75470185708647,58.331712445596835,1.7379877247432827,"[np.float64(57.901870385019365), np.float64(57.715643877225354), np.float64(59.891033510135514), np.float64(60.952329937836055), np.float64(61.123080067176744), np.float64(57.20737639244023), np.float64(57.91326869810778), np.float64(54.964836061154934), np.float64(56.719972312604455), np.float64(60.26141571179175), np.float64(61.562878092693296), np.float64(55.86301470183699), np.float64(57.14678392729105), np.float64(58.27890093167898), np.float64(58.89203476323605), np.float64(56.71250540575355), np.float64(59.179834534525014), np.float64(57.384033751455), np.float64(58.302807903840275), np.float64(59.42428094160424)]"
TCGA-C8-A26X-DX1_xmin8990_ymin27544_MPP-0.2500.png,55.15348236943987,56.79723791773829,1.6639395385013245,"[np.float64(56.81008245736017), np.float64(55.924466136685155), np.float64(56.57801830988663), np.float64(56.620511999327626), np.float64(56.057215857974036), np.float64(56.27964579240409), np.float64(59.994532258747725), np.float64(57.91907681362077), np.float64(56.206277281679974), np.float64(58.19114672675976), np.float64(56.12959893822627), np.float64(59.14348719291158), np.float64(57.53652230213448), np.float64(56.582633629729834), np.float64(57.692671769358846), np.float64(53.65548561360129), np.float64(54.543702979918685), np.float64(54.40938790494018), np.float64(57.083124107265704), np.float64(60.262267916708474)]"
TCGA-C8-A26Y-DX1_xmin29748_ymin36769_MPP-0.2500.png,30.60921365874467,27.960412639909478,2.6031279201506194,"[np.float64(32.42301293229474), np.float64(29.236514842790992), np.float64(28.962101589798394), np.float64(24.358297171604), np.float64(26.875065040441434), np.float64(26.384845136093), np.float64(26.718717443407247), np.float64(27.6241250027399), np.float64(27.016231484515224), np.float64(24.001813019157904), np.float64(29.456233152144545), np.float64(25.814926588429866), np.float64(28.43890636813178), np.float64(32.108577979409425), np.float64(26.12164345673663), np.float64(22.89983759441682), np.float64(27.388404196149256), np.float64(30.16233190990662), np.float64(31.877107548350665), np.float64(25.501313451004645)]"
TCGA-C8-A27B-DX1_xmin52632_ymin11349_MPP-0.2500.png,0.0,2.5663371655667806,1.8081811349429646,"[np.float64(3.559735612039824), np.float64(1.635716252006674), np.float64(2.354440456958509), np.float64(7.85502385960085), np.float64(-0.4396034912235258), np.float64(3.0738164885559276), np.float64(3.501723509097647), np.float64(4.737909815445475), np.float64(2.7623034725085716), np.float64(3.1824382445749855), np.float64(1.7830400307231984), np.float64(3.1045910480569954), np.float64(1.8799526145719596), np.float64(3.8094809452788825), np.float64(1.8271164934795125), np.float64(3.3205379533711534), np.float64(2.507811538196824), np.float64(4.818437667111117), np.float64(2.463549718389808), np.float64(-0.9797277708469823)]"
TCGA-C8-A3M7-DX1_xmin41677_ymin66930_MPP-0.2500.png,3.706634706517495,4.192022453257697,2.08275422927807,"[np.float64(6.71586545468568), np.float64(2.3805578515324592), np.float64(2.8844897759600574), np.float64(3.000699865170713), np.float64(6.9408986395993315), np.float64(-0.07932597469969416), np.float64(10.467519520577685), np.float64(6.3041360713898005), np.float64(4.638500281516016), np.float64(4.082234452025124), np.float64(4.7631306029730105), np.float64(5.2342673100163735), np.float64(5.482453625157811), np.float64(5.303231385264594), np.float64(4.371183815768195), np.float64(3.7973456126430447), np.float64(3.8894758859506733), np.float64(3.802205892552335), np.float64(6.4595626469918255), np.float64(5.37913589781942)]"
TCGA-D8-A13Z-DX1_xmin30985_ymin49337_MPP-0.2500.png,17.380620326640166,22.223845279304612,1.9681813901293272,"[np.float64(16.34306800997605), np.float64(23.535646832364133), np.float64(22.613317668742162), np.float64(22.186427766412816), np.float64(21.446808373126842), np.float64(24.47207071927664), np.float64(24.118898203550327), np.float64(20.678089943657394), np.float64(23.037949853553684), np.float64(20.28053181022204), np.float64(19.464608949726752), np.float64(20.97041083012468), np.float64(23.94863222407013), np.float64(24.130095370056786), np.float64(23.250016119499197), np.float64(23.674036853000608), np.float64(23.256201853534527), np.float64(20.940882088858707), np.float64(23.087690368652492), np.float64(23.824664329759976)]"
TCGA-D8-A142-DX1_xmin62151_ymin41337_MPP-0.2500.png,13.045900987080945,9.535635517694182,1.6895911124222824,"[np.float64(11.04421817732133), np.float64(11.913462260643467), np.float64(10.95224321209631), np.float64(10.238531932777347), np.float64(11.675935994327038), np.float64(9.482592999196061), np.float64(7.771886215238746), np.float64(9.209501589806655), np.float64(8.045830228081284), np.float64(8.185278967745418), np.float64(9.246598176263147), np.float64(7.950795675694259), np.float64(8.919712458416102), np.float64(5.74840618378661), np.float64(9.962222932440058), np.float64(9.53804646841863), np.float64(7.901458255557801), np.float64(10.854126854558992), np.float64(11.410775792947298), np.float64(6.320515788956234)]"
TCGA-D8-A143-DX1_xmin52429_ymin19478_MPP-0.2500.png,16.219976374423393,14.581665641434551,2.3096720308898004,"[np.float64(13.056216084302122), np.float64(13.043380941859954), np.float64(12.701859439216822), np.float64(16.240615325298048), np.float64(14.194013363888944), np.float64(14.05263595881333), np.float64(10.573940912621044), np.float64(15.852501701853004), np.float64(12.103148851727607), np.float64(14.701530901967207), np.float64(15.136419517350934), np.float64(17.30298283311185), np.float64(11.964024843196327), np.float64(8.5426413297929), np.float64(14.94936473094194), np.float64(18.18268800445626), np.float64(17.059558347313427), np.float64(15.000984471983802), np.float64(13.598393270170456), np.float64(16.19591083470917)]"
TCGA-D8-A147-DX1_xmin66394_ymin19298_MPP-0.2500.png,37.64845129980546,35.68791053414467,1.860710526768075,"[np.float64(33.74081813473573), np.float64(36.64062607285711), np.float64(36.698850852477925), np.float64(37.80833034914243), np.float64(41.20723061196683), np.float64(36.472742468502204), np.float64(34.669983282729675), np.float64(35.63676190976068), np.float64(32.149758724366436), np.float64(34.29848427196655), np.float64(34.869345657918466), np.float64(34.63973373827549), np.float64(35.992620278212115), np.float64(34.04307066938027), np.float64(37.929971868793615), np.float64(35.688324663981064), np.float64(35.66930989186744), np.float64(35.03212110111883), np.float64(35.99829190186263), np.float64(37.33810706347994)]"
TCGA-D8-A1JF-DX1_xmin24865_ymin52345_MPP-0.2500.png,10.90787602915778,3.590301288497187,1.7780037199781327,"[np.float64(1.8560408570753866), np.float64(2.274068310346674), np.float64(2.9828492309438577), np.float64(0.8985594415507574), np.float64(1.9517855690541916), np.float64(2.6378595414078694), np.float64(5.339079649922642), np.float64(4.115423946501037), np.float64(3.977481111232276), np.float64(5.292097212833132), np.float64(3.315557711698394), np.float64(4.3712309883549665), np.float64(3.383857782632195), np.float64(4.121025987296444), np.float64(2.424783973274023), np.float64(-1.287333028055671), np.float64(3.321742964124579), np.float64(6.435797560697067), np.float64(5.442732092980372), np.float64(5.521096257679528)]"
TCGA-D8-A1JG-DX1_xmin15677_ymin69205_MPP-0.2500.png,43.795008581459214,45.27560996678209,1.7903907378677182,"[np.float64(47.74787141039453), np.float64(45.45292514870496), np.float64(45.670241381593286), np.float64(44.04030617591339), np.float64(44.643464254727995), np.float64(46.507152266324375), np.float64(47.683378841119726), np.float64(44.99671741542009), np.float64(44.37523143707927), np.float64(45.27666588449529), np.float64(46.47802346464032), np.float64(42.38790033451501), np.float64(40.683248060507616), np.float64(44.17453626779893), np.float64(42.834185114953776), np.float64(44.25932957148747), np.float64(44.98004932914715), np.float64(44.36911314873606), np.float64(48.18054503572358), np.float64(45.92909949598673)]"
TCGA-D8-A1JL-DX1_xmin39765_ymin24835_MPP-0.2500.png,19.94805784700501,21.25333420790446,1.8216503248178089,"[np.float64(21.854282927126114), np.float64(22.497748495991264), np.float64(18.97566797234292), np.float64(23.331557782744994), np.float64(21.10180563483354), np.float64(22.594295442386883), np.float64(19.109619741824147), np.float64(18.14581667587233), np.float64(22.889113523954517), np.float64(22.00615326009949), np.float64(19.449231099189436), np.float64(19.51400804535507), np.float64(23.504203776734), np.float64(18.874510422169802), np.float64(24.538680114416387), np.float64(19.45209273860872), np.float64(22.530118059121225), np.float64(20.59609725640649), np.float64(22.459709070069145), np.float64(20.165106203676075)]"
TCGA-D8-A1XK-DX1_xmin26340_ymin50273_MPP-0.2500.png,42.02412321751693,42.049690500729234,2.0070168422012196,"[np.float64(41.724104688584646), np.float64(42.13152885152068), np.float64(40.045315589166286), np.float64(43.53133919156949), np.float64(41.023263367786065), np.float64(41.592490670049195), np.float64(40.06099175151221), np.float64(36.92502318313861), np.float64(41.6676349755289), np.float64(46.874921343955066), np.float64(43.61889907652528), np.float64(42.011169741260446), np.float64(41.5239088423127), np.float64(42.09462228635333), np.float64(43.143928731079654), np.float64(39.688064870111546), np.float64(44.278333890066975), np.float64(43.480453131611725), np.float64(43.4860619521451), np.float64(42.92664197834869)]"
TCGA-D8-A1XQ-DX1_xmin61261_ymin33317_MPP-0.2500.png,22.91801858976973,21.745082922893996,1.7458437260372983,"[np.float64(21.784316238281974), np.float64(23.090805394827637), np.float64(22.928711190376752), np.float64(21.037001501011947), np.float64(20.597879377100195), np.float64(21.94879551341797), np.float64(24.84312322588437), np.float64(19.266868771586193), np.float64(18.810032391389115), np.float64(22.07460460536703), np.float64(21.846858326606032), np.float64(22.091766251634812), np.float64(22.232989318710995), np.float64(21.298678413624387), np.float64(24.72480980009816), np.float64(18.543274965940967), np.float64(20.088088873333504), np.float64(21.5385734025959), np.float64(18.458705300585663), np.float64(21.393374114029854)]"
TCGA-D8-A27F-DX1_xmin98787_ymin6725_MPP-0.2500.png,20.786434207087332,13.709580496835262,1.8273652282943162,"[np.float64(17.032520828291297), np.float64(13.751353473427185), np.float64(14.17098230827263), np.float64(11.189250966490102), np.float64(12.476857680756307), np.float64(12.959187736187388), np.float64(13.074150303322794), np.float64(16.2728680868428), np.float64(14.824962618285511), np.float64(11.486664582961197), np.float64(14.202590053699272), np.float64(14.706023993828833), np.float64(15.989878573877794), np.float64(16.870661869972007), np.float64(11.679392113179524), np.float64(12.087865474414585), np.float64(11.19442477900603), np.float64(13.2415407786213), np.float64(14.642297245727931), np.float64(15.684249530013465)]"
TCGA-D8-A27H-DX1_xmin8738_ymin8063_MPP-0.2500.png,32.627500942089014,30.52427432826222,2.293355795126132,"[np.float64(30.372372280977174), np.float64(29.884579281752533), np.float64(30.8277903127597), np.float64(28.853988525002173), np.float64(34.70335177165177), np.float64(27.3089522740261), np.float64(30.893755486053667), np.float64(34.5714867667215), np.float64(30.537874017382215), np.float64(30.14419625825923), np.float64(29.809383482641366), np.float64(30.163490964737402), np.float64(33.26997127761528), np.float64(26.100550505603206), np.float64(33.59114173085487), np.float64(27.67636002336193), np.float64(29.99096966979339), np.float64(29.665785487664895), np.float64(31.70138086780366), np.float64(27.328025624494725)]"
TCGA-D8-A27M-DX1_xmin54473_ymin16109_MPP-0.2500.png,22.221471043924065,20.507898461290218,1.8936244043938701,"[np.float64(21.432243793454102), np.float64(24.55651770786392), np.float64(17.781550452104597), np.float64(20.88731079651101), np.float64(19.183934105697), np.float64(21.35967287367629), np.float64(20.54619401612172), np.float64(19.224924643201597), np.float64(21.483643031032365), np.float64(24.116594680863702), np.float64(20.12609087783562), np.float64(21.94741434558658), np.float64(17.92135254554789), np.float64(18.5950257076542), np.float64(21.452711017050973), np.float64(23.476130518362147), np.float64(21.219125158861537), np.float64(19.88178240024391), np.float64(20.506481272136927), np.float64(18.00708299335078)]"
TCGA-E2-A14N-DX1_xmin21383_ymin66838_MPP-0.2500.png,34.192361807160864,30.180975461052768,1.8334899142428418,"[np.float64(31.3900061137635), np.float64(31.945641585699587), np.float64(29.276794795386607), np.float64(29.240891165533764), np.float64(30.712731920356866), np.float64(29.307535988971576), np.float64(30.048710231801124), np.float64(34.3804190393858), np.float64(29.686924059560774), np.float64(29.464295157010323), np.float64(28.88589184978245), np.float64(31.669359404052642), np.float64(29.81852711461656), np.float64(28.882229384409914), np.float64(32.82358352559879), np.float64(33.02018147008004), np.float64(28.980128329575358), np.float64(26.447895558331535), np.float64(32.196002840726614), np.float64(28.81171580953276)]"
TCGA-E2-A14R-DX1_xmin7751_ymin59308_MPP-0.2500.png,50.39939940747996,49.592970849149914,2.0813271696260007,"[np.float64(51.17422204747545), np.float64(45.652763213726246), np.float64(51.378165525748535), np.float64(47.17062699058835), np.float64(51.05449908728296), np.float64(49.62151698482278), np.float64(47.68509201035663), np.float64(48.77889822329635), np.float64(50.96560776306332), np.float64(49.80475975538038), np.float64(50.761796810094886), np.float64(53.54585201818089), np.float64(46.46448762572781), np.float64(52.82739599908716), np.float64(49.80168272419634), np.float64(47.795402752503655), np.float64(46.93234359767193), np.float64(49.214730067595845), np.float64(51.436271072998835), np.float64(49.33787260839485)]"
TCGA-E2-A14X-DX1_xmin88836_ymin66393_MPP-0.2500.png,34.01465562296549,36.034909907038184,2.1122630186112263,"[np.float64(39.05721976753288), np.float64(33.132558526935064), np.float64(36.01073201134607), np.float64(33.530123018211945), np.float64(36.76217367228812), np.float64(37.808684687232784), np.float64(35.19338631967608), np.float64(30.826482193783917), np.float64(36.43280620063117), np.float64(36.9083870105052), np.float64(36.84349941696158), np.float64(38.50647429068249), np.float64(33.89280254774009), np.float64(37.39534211793908), np.float64(38.41992493199413), np.float64(32.47773473902515), np.float64(36.67421355887614), np.float64(35.02655024502284), np.float64(35.871864560834894), np.float64(36.73026287411486)]"
TCGA-E2-A150-DX1_xmin42083_ymin62113_MPP-0.2500.png,26.016754025432466,35.44768353148512,1.8804444167938608,"[np.float64(34.47322640325801), np.float64(34.09626737316189), np.float64(35.515988366461166), np.float64(33.27319165375951), np.float64(33.276033273714745), np.float64(36.80643009739813), np.float64(33.15009546116781), np.float64(36.78030853330354), np.float64(36.37286611719302), np.float64(31.996070073903926), np.float64(34.09255422681381), np.float64(37.83590233757987), np.float64(33.48535246920576), np.float64(34.518875006866345), np.float64(36.37180531798891), np.float64(37.014464550050306), np.float64(34.944605759396126), np.float64(34.25266314210184), np.float64(38.29242325488213), np.float64(38.925482859080276)]"
TCGA-E2-A158-DX1_xmin56083_ymin25872_MPP-0.2500.png,5.824162123270414,6.697051187429609,2.1052943780755404,"[np.float64(8.654767288993199), np.float64(6.867687472559657), np.float64(5.080519744147756), np.float64(5.036162374316478), np.float64(7.742079397961124), np.float64(7.533847629206976), np.float64(9.500248373322467), np.float64(7.997951372501888), np.float64(3.690890583909973), np.float64(8.800946422875446), np.float64(4.700929932800783), np.float64(5.929108643524906), np.float64(7.1974515999329975), np.float64(10.688386166997537), np.float64(12.91688829944033), np.float64(7.910497305701974), np.float64(6.330657949988833), np.float64(7.76606248439071), np.float64(8.47236203917728), np.float64(6.0557159363152255)]"
TCGA-E2-A159-DX1_xmin38620_ymin28700_MPP-0.2500.png,32.42953126465395,33.717283218267774,1.5407267387678638,"[np.float64(37.30770593009242), np.float64(34.17742473665058), np.float64(34.71276939645056), np.float64(35.0491317223767), np.float64(34.56045643949668), np.float64(35.395164219207), np.float64(32.48277684517393), np.float64(32.600679710375715), np.float64(31.516974752324384), np.float64(34.59628567950823), np.float64(35.275156225292), np.float64(34.63282895057154), np.float64(37.06626808496285), np.float64(33.70609118060968), np.float64(35.0547665294528), np.float64(31.533881465989147), np.float64(32.94308381331897), np.float64(35.10835873339933), np.float64(35.41548743975406), np.float64(33.12934932293941)]"
TCGA-E2-A1AZ-DX1_xmin50286_ymin17075_MPP-0.2500.png,18.37111334304678,17.998883764215943,1.6728326191093044,"[np.float64(17.855685260499808), np.float64(14.963136270854324), np.float64(17.284825362602724), np.float64(19.779650091255515), np.float64(19.149293796429077), np.float64(19.000215206978364), np.float64(18.098431138577862), np.float64(18.013010081472295), np.float64(16.678241485269048), np.float64(19.396540604621013), np.float64(18.840829652994724), np.float64(18.982921460201542), np.float64(16.94681407888078), np.float64(13.692197924473454), np.float64(20.193189187723334), np.float64(17.041208852199134), np.float64(16.2733322361297), np.float64(19.38584158804393), np.float64(17.214858484377682), np.float64(20.118756532309188)]"
TCGA-E2-A1B6-DX1_xmin16266_ymin50634_MPP-0.2500.png,42.28869801357886,32.69484193708365,2.0964774344915242,"[np.float64(33.928853836237046), np.float64(34.061980583484605), np.float64(29.962930514682583), np.float64(35.118729907856455), np.float64(33.21734299955136), np.float64(31.956287658591247), np.float64(32.981618871768156), np.float64(29.142371471287014), np.float64(33.512147560044994), np.float64(30.63609892071951), np.float64(29.989501365396585), np.float64(29.65012356464787), np.float64(34.9202186870635), np.float64(31.436315149698075), np.float64(35.76229735691665), np.float64(31.623239010979056), np.float64(29.280126021897757), np.float64(30.461793057186334), np.float64(35.16646517709753), np.float64(32.38304558121032)]"
TCGA-E2-A1L7-DX1_xmin51554_ymin15424_MPP-0.2500.png,12.747889508726677,12.615320131480592,1.6993296419980166,"[np.float64(11.51874553849939), np.float64(12.935356583186168), np.float64(13.618885603815682), np.float64(14.850117763285514), np.float64(15.512318591266444), np.float64(11.89578283990242), np.float64(9.963224759316516), np.float64(11.78838980923404), np.float64(13.135881144646365), np.float64(10.68780227905937), np.float64(10.701018301690507), np.float64(13.302895894580363), np.float64(12.51801542833969), np.float64(12.680914122303765), np.float64(11.098329462080454), np.float64(12.154518703069058), np.float64(10.766853842943984), np.float64(14.395716953730165), np.float64(14.685818800928097), np.float64(8.922944407004405)]"
TCGA-E2-A1LH-DX1_xmin22770_ymin24149_MPP-0.2500.png,47.83451417630894,48.135665226014076,1.845580096486839,"[np.float64(46.27664350562926), np.float64(45.14260671583392), np.float64(46.83561735720028), np.float64(47.968789286433356), np.float64(45.23637478661701), np.float64(46.29194559976345), np.float64(46.12775048185108), np.float64(48.55019988481197), np.float64(48.274353900086574), np.float64(46.69219011933957), np.float64(48.48930697029287), np.float64(47.042305056839545), np.float64(47.592355005361966), np.float64(51.48256940661115), np.float64(50.816587329594775), np.float64(45.53650275215888), np.float64(49.795130061772426), np.float64(49.75845833499726), np.float64(45.839138648508836), np.float64(49.773220513523796)]"
TCGA-E2-A1LI-DX1_xmin44715_ymin18434_MPP-0.2500.png,28.321196319229937,40.63740688165637,1.6992727738447349,"[np.float64(43.713270718481475), np.float64(38.39231726916754), np.float64(38.80240123962784), np.float64(42.672729815343374), np.float64(41.18039750330767), np.float64(41.74035943213541), np.float64(41.31858531445736), np.float64(41.41879872351266), np.float64(37.984462625034205), np.float64(42.732042294899266), np.float64(42.976586866511916), np.float64(40.17862539352031), np.float64(40.550452982028645), np.float64(37.57519187654492), np.float64(41.66591639369204), np.float64(41.781521765084655), np.float64(40.513024847657746), np.float64(42.886113601397376), np.float64(39.96925241969649), np.float64(41.766618733443565)]"
TCGA-E2-A1LK-DX1_xmin75611_ymin27593_MPP-0.2500.png,9.131401450618569,8.169596626712956,1.6649504016300083,"[np.float64(6.130267949328724), np.float64(8.12249232496448), np.float64(7.820888110907284), np.float64(8.620212470794838), np.float64(7.430542769046238), np.float64(7.90665143536962), np.float64(9.821690969595968), np.float64(7.29606815223652), np.float64(4.956442425235597), np.float64(11.668764435123798), np.float64(10.93250478409393), np.float64(5.585071236501719), np.float64(9.549012237203344), np.float64(7.163647085610269), np.float64(8.696571057375074), np.float64(8.758044884739943), np.float64(7.700781026080311), np.float64(6.602065295540163), np.float64(6.788514522080437), np.float64(6.337212795750471)]"
TCGA-E2-A1LL-DX1_xmin5783_ymin22777_MPP-0.2500.png,6.110192141444838,7.6179288531129,1.4234012497923867,"[np.float64(5.954284436652011), np.float64(7.48357227301419), np.float64(6.186408874891397), np.float64(8.98203298453814), np.float64(10.592421163784755), np.float64(6.457822370372814), np.float64(8.096737854183655), np.float64(8.617299073718769), np.float64(8.56193339495145), np.float64(7.769839388945075), np.float64(9.103293689832345), np.float64(8.582426758474215), np.float64(5.142604008458305), np.float64(9.356240981891446), np.float64(9.392510527646385), np.float64(6.091356644755737), np.float64(7.6938045240081046), np.float64(8.984586838735039), np.float64(7.199301213954177), np.float64(9.763884948644924)]"
TCGA-E2-A1LS-DX1_xmin39247_ymin47756_MPP-0.2500.png,8.522553311018001,8.348994462491785,2.2672048106056066,"[np.float64(13.076739451730507), np.float64(6.77702239722182), np.float64(5.5869052561842345), np.float64(8.956631653701535), np.float64(9.792119472744071), np.float64(7.887261714802246), np.float64(11.255515789133852), np.float64(5.671782863045287), np.float64(9.734831708555006), np.float64(7.1372728209739975), np.float64(11.787750274906378), np.float64(12.33402516882802), np.float64(6.815681286925089), np.float64(7.249880190674625), np.float64(10.068170236451389), np.float64(7.5747331629127554), np.float64(8.258172026627308), np.float64(8.399771303576605), np.float64(4.5096481500964725), np.float64(8.32131897030331)]"
TCGA-E2-A573-DX1_xmin59666_ymin56141_MPP-0.2500.png,34.03675574472692,28.193365556629256,2.1698347106280558,"[np.float64(26.81391000850091), np.float64(27.20711991182971), np.float64(31.080629563566884), np.float64(25.680351768070743), np.float64(29.81977593012521), np.float64(27.63543969596564), np.float64(27.63384521963759), np.float64(29.77410934873268), np.float64(28.87346814576704), np.float64(29.334591551068318), np.float64(30.12973487769498), np.float64(27.53074879026261), np.float64(26.968892087613757), np.float64(26.02306450351366), np.float64(26.542544496671347), np.float64(34.091554407246704), np.float64(30.68272471810283), np.float64(25.491216824213215), np.float64(25.548449643142117), np.float64(29.15709768006624)]"
TCGA-E2-A574-DX1_xmin54962_ymin47475_MPP-0.2500.png,16.77373935992204,22.487853432497143,2.09033005637816,"[np.float64(23.582383027253076), np.float64(23.58562110313187), np.float64(21.977941845389747), np.float64(22.236944912491342), np.float64(23.143612480815857), np.float64(22.659639445083805), np.float64(18.049252687002074), np.float64(22.028254171346756), np.float64(20.785040563976516), np.float64(22.838276270314168), np.float64(28.458371437703963), np.float64(23.222816763445753), np.float64(21.860794060152347), np.float64(24.33145643645165), np.float64(23.45322920691557), np.float64(23.328042413400826), np.float64(23.701554618928487), np.float64(26.600940562156225), np.float64(20.22607656184531), np.float64(23.435117586120054)]"
TCGA-E9-A5FL-DX1_xmin45595_ymin47283_MPP-0.2500.png,0.8291365033249289,4.588801666758799,2.1897189923585714,"[np.float64(2.7360394067957223), np.float64(5.699826959443296), np.float64(2.7514286437866105), np.float64(3.7540680395486308), np.float64(3.998621838282987), np.float64(6.540435105448218), np.float64(6.4257105546436275), np.float64(2.0973669138660305), np.float64(4.698669888758497), np.float64(3.1696419572604544), np.float64(2.0717918454081303), np.float64(4.154767565910059), np.float64(3.97183608984716), np.float64(9.442234639449843), np.float64(5.454721317480192), np.float64(1.8335666652503249), np.float64(3.459253658416915), np.float64(6.631568257617596), np.float64(8.76568721249865), np.float64(1.4168350422828828)]"
TCGA-EW-A1OV-DX1_xmin126026_ymin65132_MPP-0.2500.png,31.951869196339782,35.90702893155502,2.0249420509021996,"[np.float64(32.14718016127693), np.float64(39.648959282298584), np.float64(36.68625728629683), np.float64(34.170443467802286), np.float64(36.97628710379989), np.float64(30.635533453521262), np.float64(35.91377994474934), np.float64(36.562671277241186), np.float64(37.755569210630675), np.float64(33.879237026969946), np.float64(36.07840325436174), np.float64(34.05617967943584), np.float64(36.41779644290365), np.float64(34.11633628682897), np.float64(35.09082725323458), np.float64(33.91539814197456), np.float64(37.20930141520233), np.float64(37.62393116486835), np.float64(35.43778779164019), np.float64(35.983504921475074)]"
TCGA-EW-A1OW-DX1_xmin36101_ymin49680_MPP-0.2500.png,15.227325680809642,10.680388406835947,2.119063297476427,"[np.float64(7.783205577568859), np.float64(10.081035110822373), np.float64(10.579979172752457), np.float64(15.921974588895896), np.float64(8.456454355287619), np.float64(13.608742884340822), np.float64(12.674105953767564), np.float64(11.241661215816219), np.float64(14.197629375226214), np.float64(11.424599352049672), np.float64(11.458706798171804), np.float64(10.574147100800856), np.float64(13.127526171673201), np.float64(12.873326874457714), np.float64(9.429033831843523), np.float64(8.041894017638413), np.float64(10.274427132044632), np.float64(9.080311278040654), np.float64(10.553339257605236), np.float64(13.155264676204226)]"
TCGA-EW-A1P1-DX1_xmin50567_ymin38988_MPP-0.2500.png,16.134337944775773,23.148309499456268,2.0420449445222615,"[np.float64(22.23370618928269), np.float64(23.06266273683312), np.float64(23.264354969073057), np.float64(24.84517126386684), np.float64(18.654530831487058), np.float64(21.934908909925674), np.float64(23.570876884015213), np.float64(25.54846741230999), np.float64(22.164504604443856), np.float64(19.39520408737252), np.float64(24.38773239138854), np.float64(21.877584721805007), np.float64(20.768976181275544), np.float64(21.89961872002982), np.float64(22.77925878414457), np.float64(21.93882017037984), np.float64(18.73717738525813), np.float64(24.942441893230534), np.float64(25.698059582013713), np.float64(24.45135348213528)]"
TCGA-EW-A1P4-DX1_xmin17256_ymin35430_MPP-0.2500.png,18.139368538413468,11.130113224452064,1.4601981317184767,"[np.float64(8.854741883602431), np.float64(10.727130156557028), np.float64(11.117070593993148), np.float64(12.327702003575885), np.float64(12.466794201888225), np.float64(9.661765626895072), np.float64(11.294104337279185), np.float64(12.044674033682545), np.float64(14.041757868745597), np.float64(12.53912630410151), np.float64(12.708226599203101), np.float64(11.297766480310786), np.float64(13.951031514859071), np.float64(11.949638816371058), np.float64(9.407937404104922), np.float64(13.936853164702445), np.float64(12.52591976953012), np.float64(10.244025182195099), np.float64(10.171127289653578), np.float64(11.723264314733587)]"
TCGA-EW-A1P7-DX1_xmin9808_ymin46395_MPP-0.2500.png,28.579827526476205,31.514112995477557,1.8182748067599888,"[np.float64(32.44048258601273), np.float64(31.90869752673997), np.float64(32.13673034236333), np.float64(34.91402774463032), np.float64(33.65719929994733), np.float64(31.895384178007607), np.float64(33.396734157012524), np.float64(29.449065188422477), np.float64(32.30996709537118), np.float64(35.13272569494378), np.float64(31.07802120469281), np.float64(29.81884513823939), np.float64(30.209935218291434), np.float64(29.33484692079278), np.float64(29.94458917922215), np.float64(30.773096798297498), np.float64(28.702978957120273), np.float64(31.545349663376765), np.float64(33.318667343050855), np.float64(29.698600635183716)]"
TCGA-EW-A1P8-DX1_xmin15520_ymin26381_MPP-0.2500.png,31.11995118490888,42.07222931395877,1.7912417454941412,"[np.float64(45.11079716124231), np.float64(43.09381349101396), np.float64(44.13339048520689), np.float64(40.7565602062545), np.float64(43.781279768092006), np.float64(39.88836151316815), np.float64(43.85272431563179), np.float64(42.41590799354584), np.float64(43.17873175392834), np.float64(39.72104010270907), np.float64(40.28208962940556), np.float64(43.26668575046554), np.float64(40.17553330551037), np.float64(42.99864189815702), np.float64(39.33795370103828), np.float64(43.768577739292105), np.float64(39.60718268442175), np.float64(43.17682918931782), np.float64(43.32349118125077), np.float64(40.67868567709962)]"
TCGA-EW-A1PB-DX1_xmin57214_ymin25940_MPP-0.2500.png,45.908771973283706,40.956090347630266,1.6509514797430849,"[np.float64(42.12014348179972), np.float64(41.476974874297376), np.float64(39.87840663524479), np.float64(38.93898097947785), np.float64(37.03083896428511), np.float64(41.65539044222965), np.float64(37.82648480490616), np.float64(41.14677874651288), np.float64(40.42919391546577), np.float64(42.314375898506654), np.float64(40.35199934865054), np.float64(40.29719477493608), np.float64(42.419831756206854), np.float64(41.6262064057985), np.float64(41.588402261995824), np.float64(41.89462552724732), np.float64(37.88494610121605), np.float64(42.46966770760423), np.float64(42.18102793565747), np.float64(38.922724090477274)]"
TCGA-EW-A1PH-DX1_xmin3455_ymin52049_MPP-0.2500.png,23.503340300256443,20.671851652242584,1.6541491718550634,"[np.float64(20.183690704894182), np.float64(20.59323707698732), np.float64(20.402858083439117), np.float64(21.33957158537965), np.float64(23.53458521590495), np.float64(22.83538510758824), np.float64(18.04741326537977), np.float64(21.91599163285468), np.float64(23.3297182913134), np.float64(21.445468693620988), np.float64(22.853812502614517), np.float64(24.696392543644116), np.float64(22.719270744456548), np.float64(21.17046884352604), np.float64(22.76202860041209), np.float64(20.961627318436367), np.float64(20.719657738812494), np.float64(19.969023180815118), np.float64(23.7986783699068), np.float64(19.03499432035858)]"
TCGA-EW-A3U0-DX1_xmin113512_ymin48566_MPP-0.2500.png,0.0,0.4982568254382061,2.2417518027311663,"[np.float64(3.5629922747944383), np.float64(1.4979850729189488), np.float64(-2.300355524165677), np.float64(1.2335554114210492), np.float64(-3.7017961898650418), np.float64(1.7492728591002775), np.float64(2.268719791416188), np.float64(-0.6864550858659011), np.float64(0.7453522173493707), np.float64(4.406571692938779), np.float64(-0.5132365830856673), np.float64(-1.619558348674995), np.float64(3.4615836303634038), np.float64(4.423431206499796), np.float64(0.5056481691339008), np.float64(2.5211828962549188), np.float64(3.1812086564999684), np.float64(-0.986711639638562), np.float64(-0.4723548452975305), np.float64(2.960005851747676)]"
TCGA-EW-A6SB-DX1_xmin34625_ymin56578_MPP-0.2500.png,51.27711483858933,48.75973656800833,2.1055475091416542,"[np.float64(52.12976512542535), np.float64(49.88549828835704), np.float64(47.00010786100422), np.float64(52.73385879140721), np.float64(47.6977947723844), np.float64(48.08946100566543), np.float64(49.444412236987574), np.float64(51.868057409437874), np.float64(50.46768852111278), np.float64(49.58946756873215), np.float64(49.68631362824454), np.float64(48.846765905295264), np.float64(49.87601559704534), np.float64(43.70061641261972), np.float64(48.166521649868734), np.float64(49.24238043784189), np.float64(46.45770840076931), np.float64(49.53238320363145), np.float64(48.350794126036085), np.float64(52.27068796463931)]"
TCGA-GI-A2C9-DX1_xmin20882_ymin11843_MPP-0.2500.png,0.0880017385334733,-7.665315416797189,1.3220495568797288,"[np.float64(-4.519275966367477), np.float64(-8.596926555033516), np.float64(-7.96699083993058), np.float64(-7.813210548013974), np.float64(-8.568634369116435), np.float64(-7.275265448740936), np.float64(-9.181879554572369), np.float64(-9.926546086672243), np.float64(-6.419892968996653), np.float64(-6.406256248353568), np.float64(-9.273946936117174), np.float64(-5.87460455527199), np.float64(-8.928470875127852), np.float64(-7.158984940721227), np.float64(-6.0246273915722774), np.float64(-7.732540546204615), np.float64(-6.755833592514921), np.float64(-8.698174704572333), np.float64(-8.058248583653384), np.float64(-8.07703427855787)]"
TCGA-GM-A2DB-DX1_xmin50586_ymin43110_MPP-0.2500.png,28.347388845603874,28.69020371963401,1.2222517406228848,"[np.float64(27.19704702655353), np.float64(28.336655393402445), np.float64(25.592967121906515), np.float64(27.7078962253498), np.float64(28.12045273289467), np.float64(28.17784421464325), np.float64(28.20720882789245), np.float64(28.566675319913752), np.float64(29.649086755806138), np.float64(30.439237867899056), np.float64(27.390673265937476), np.float64(26.28380200885572), np.float64(26.606114895147805), np.float64(27.715797877244157), np.float64(27.98636108400099), np.float64(27.150211587239095), np.float64(26.097970391134222), np.float64(27.77796206468563), np.float64(29.05305695986195), np.float64(29.880262651305138)]"
TCGA-GM-A2DD-DX1_xmin47260_ymin22408_MPP-0.2500.png,2.6474801884731716,-2.664038380157353,1.9121860437369604,"[np.float64(-3.778884486373995), np.float64(-3.490034024444221), np.float64(-4.517434997851974), np.float64(-2.726916720906906), np.float64(-4.360895648538982), np.float64(-1.5177827536749526), np.float64(-6.235771364025576), np.float64(-3.3832977250622776), np.float64(-2.0618237017738688), np.float64(-2.296369347512344), np.float64(2.7220289478036404), np.float64(-1.9644383310215376), np.float64(-4.672147573841373), np.float64(-2.854966874335499), np.float64(-6.216531047090257), np.float64(-2.8252378787508747), np.float64(-4.33015049415887), np.float64(-0.8332578290370294), np.float64(-3.7631189293484226), np.float64(-2.897570211747846)]"
TCGA-GM-A2DF-DX1_xmin50637_ymin43774_MPP-0.2500.png,41.39309760757543,43.76105976075134,2.113246625374459,"[np.float64(42.48994407794253), np.float64(47.238762464458), np.float64(43.11857422851551), np.float64(47.42617384770974), np.float64(45.38936328498787), np.float64(44.72519321542211), np.float64(44.49852605538638), np.float64(44.54865435718384), np.float64(39.905714602060115), np.float64(43.20329297244982), np.float64(45.45137570311998), np.float64(43.66326539380312), np.float64(40.950680067144184), np.float64(43.6562508595964), np.float64(47.16927079326232), np.float64(46.254843191820775), np.float64(43.637051742019274), np.float64(45.66395831486751), np.float64(43.028045720015236), np.float64(40.3533165870979)]"
TCGA-GM-A2DH-DX1_xmin50963_ymin56303_MPP-0.2500.png,22.167384632731984,17.57026346156297,2.1871950252168433,"[np.float64(15.72133148530386), np.float64(20.696040998579367), np.float64(17.02227729790436), np.float64(17.083495502812934), np.float64(16.97058706901321), np.float64(21.378536640708983), np.float64(20.822181292287098), np.float64(22.00782392845924), np.float64(17.252173040762866), np.float64(18.16151243905716), np.float64(14.536978362721388), np.float64(20.52413231379952), np.float64(15.2347043590271), np.float64(18.00381458908823), np.float64(15.375658406297282), np.float64(16.392529808085577), np.float64(15.89573859946357), np.float64(16.354512940211333), np.float64(16.492018055265014), np.float64(16.473725871712816)]"
TCGA-GM-A2DI-DX1_xmin22802_ymin51060_MPP-0.2500.png,0.0,7.749672025087698,1.5399535519237555,"[np.float64(9.416339848648311), np.float64(5.539946438962657), np.float64(8.190754879115431), np.float64(10.185590329698815), np.float64(6.723279296060905), np.float64(6.313834243592494), np.float64(7.288622774727196), np.float64(10.109122441809118), np.float64(8.137887286994413), np.float64(6.6872434358725), np.float64(8.717425327463777), np.float64(5.5450877254148505), np.float64(9.112391045973594), np.float64(8.566886640491234), np.float64(7.13405508280993), np.float64(6.072500428193235), np.float64(5.976310180520783), np.float64(8.819306697779519), np.float64(10.207633030065821), np.float64(6.475056531030108)]"
TCGA-GM-A3XL-DX1_xmin29910_ymin15820_MPP-0.2500.png,44.14452619281845,40.228259731137264,2.053077088112353,"[np.float64(41.14503313824023), np.float64(36.05420569393313), np.float64(39.059024269822864), np.float64(40.16614186539546), np.float64(38.408892897173594), np.float64(38.355246981558075), np.float64(38.89270061819949), np.float64(40.81264518779001), np.float64(39.85360169432452), np.float64(35.75179726448732), np.float64(35.98685942586713), np.float64(39.01452937542291), np.float64(41.14363290324437), np.float64(34.733250045686795), np.float64(39.228799378834005), np.float64(39.17576401810242), np.float64(43.00493528755416), np.float64(39.458216107711536), np.float64(40.994237700619124), np.float64(40.51077401131219)]"
TCGA-HN-A2NL-DX1_xmin11931_ymin5764_MPP-0.2500.png,0.0,-1.610307581028378,2.6582538773658273,"[np.float64(-5.871440540642779), np.float64(-0.07389314776490341), np.float64(-1.179514570115802), np.float64(-0.5937703016791989), np.float64(6.2421678318442755), np.float64(-5.778533460025555), np.float64(1.839085718493839), np.float64(-2.1852026198290893), np.float64(-1.0356497722223594), np.float64(-1.7013320716308624), np.float64(-2.458780247824465), np.float64(-2.7499734375058953), np.float64(-0.9512901098823597), np.float64(-4.644654974371736), np.float64(-0.10914924598484688), np.float64(-2.442696390798886), np.float64(-3.8704462591090936), np.float64(-2.510333297020005), np.float64(0.9039908526967677), np.float64(-2.680977755060824)]"
TCGA-LL-A441-DX1_xmin82006_ymin43121_MPP-0.2500.png,43.94203346727628,48.00961955412463,1.355318226203483,"[np.float64(48.72652679054387), np.float64(46.547707002693684), np.float64(49.52546325397187), np.float64(49.38063503170504), np.float64(51.70683722071745), np.float64(47.6584916631262), np.float64(49.346929163640446), np.float64(48.205754633202524), np.float64(50.60136311785066), np.float64(46.57195477890717), np.float64(49.4996301798792), np.float64(47.62022496189127), np.float64(47.88124319990764), np.float64(48.19312452302138), np.float64(48.51410034697799), np.float64(47.77716146788072), np.float64(48.43904592046569), np.float64(51.165855669249005), np.float64(49.98051892535507), np.float64(49.74792873911843)]"
TCGA-LL-A5YO-DX1_xmin36631_ymin44396_MPP-0.2500.png,56.3207937341877,50.166472152017924,2.162291579068361,"[np.float64(49.255393099970185), np.float64(48.387990495561276), np.float64(52.07707326849343), np.float64(51.918565737077515), np.float64(53.11181350351989), np.float64(48.95851090007947), np.float64(49.70737484129723), np.float64(46.887503826967055), np.float64(49.381529939896176), np.float64(52.159613173176815), np.float64(49.233481393561526), np.float64(51.447431742419575), np.float64(49.7854659400223), np.float64(50.814586208461044), np.float64(47.87108937238659), np.float64(50.336891051285725), np.float64(44.184200210216474), np.float64(49.79267983569395), np.float64(46.90552566458764), np.float64(52.57846118511156)]"
TCGA-LL-A73Y-DX1_xmin68117_ymin49445_MPP-0.2500.png,62.13539579702089,63.27269547004154,2.0940982058927773,"[np.float64(64.82751017557057), np.float64(64.2060374339737), np.float64(66.3147079243603), np.float64(61.374862428391864), np.float64(66.76742186587266), np.float64(65.13707859856231), np.float64(62.79958489560365), np.float64(65.54393576440742), np.float64(61.06010844521827), np.float64(61.62366714698619), np.float64(62.05551602356214), np.float64(62.21474005391351), np.float64(61.15958018452103), np.float64(65.71886160423219), np.float64(62.75498666930188), np.float64(63.9777054067553), np.float64(62.131992737214176), np.float64(59.63148886894451), np.float64(63.812810186824386), np.float64(59.448185519201985)]"
TCGA-LL-A740-DX1_xmin39436_ymin24080_MPP-0.2500.png,7.729994291101834,14.265708062513974,2.155125619229807,"[np.float64(14.128439970343038), np.float64(11.529077984848353), np.float64(18.24026006097559), np.float64(16.088433506863417), np.float64(14.477215645056935), np.float64(16.79312141782331), np.float64(12.573076107582503), np.float64(15.35266681985416), np.float64(14.665328929951402), np.float64(14.793748225181314), np.float64(16.81041506272751), np.float64(15.730692268073579), np.float64(14.843155388164021), np.float64(10.955933190057383), np.float64(12.345615471955046), np.float64(14.020290195322525), np.float64(14.452452811067277), np.float64(12.005300613166128), np.float64(19.089061413670816), np.float64(17.29849617302112)]"
TCGA-OL-A5D6-DX1_xmin115108_ymin40554_MPP-0.2500.png,0.0,-8.037416172806138,1.820722880873546,"[np.float64(-6.833179532021171), np.float64(-7.893342450238649), np.float64(-8.461834112608441), np.float64(-9.941253092850609), np.float64(-7.882455135768413), np.float64(-7.521911092520637), np.float64(-10.520937323769386), np.float64(-7.369063338316343), np.float64(-8.347934270455635), np.float64(-11.85303128856092), np.float64(-9.758186194365141), np.float64(-8.864627239649426), np.float64(-4.262040858125757), np.float64(-6.924309923738622), np.float64(-10.70837931100592), np.float64(-7.065343593970864), np.float64(-11.132024150682868), np.float64(-5.8720340650319915), np.float64(-8.979665476441895), np.float64(-8.22468855028448)]"
TCGA-OL-A5D7-DX1_xmin114443_ymin22490_MPP-0.2500.png,53.38426682380364,54.30743611646516,2.3540293457513113,"[np.float64(56.959029411549544), np.float64(51.73310897929666), np.float64(51.51319974623918), np.float64(53.140237463773154), np.float64(56.384193818503796), np.float64(51.268743965511476), np.float64(48.64312492024403), np.float64(53.405118399647165), np.float64(55.410917716287), np.float64(56.70795961594282), np.float64(53.38111339229437), np.float64(53.48458290223316), np.float64(56.615237584976654), np.float64(50.56795271707432), np.float64(53.53039456609914), np.float64(54.688283896315276), np.float64(55.20587355903523), np.float64(53.2878227300834), np.float64(54.376318139876844), np.float64(49.33078140963919)]"
TCGA-OL-A5RW-DX1_xmin5772_ymin6839_MPP-0.2500.png,0.0,1.2994139712421178,1.6249974782439074,"[np.float64(-0.017082853425578914), np.float64(2.2064313963510527), np.float64(-0.6651740972672413), np.float64(1.4173824144213125), np.float64(2.193158972847514), np.float64(0.6143155695265878), np.float64(1.6403415132352595), np.float64(-0.6260511593271068), np.float64(0.8861914118500245), np.float64(2.519846310420563), np.float64(1.6133598931789863), np.float64(0.1263514321142467), np.float64(1.7478467798237038), np.float64(2.7286335525153538), np.float64(-2.800468585912838), np.float64(3.617562101153913), np.float64(0.6269044938799738), np.float64(2.150393837722578), np.float64(3.6939078185325736), np.float64(-1.4439334232188141)]"
TCGA-OL-A66I-DX1_xmin38433_ymin22957_MPP-0.2500.png,34.656397625329106,38.56551198421566,1.7020343630275048,"[np.float64(37.14662997936057), np.float64(37.98841459246425), np.float64(36.998004941966805), np.float64(42.03538513588928), np.float64(36.85196779656208), np.float64(37.454418425241926), np.float64(38.97429004742161), np.float64(36.161212932063485), np.float64(37.774150560703134), np.float64(39.20041850671601), np.float64(37.89979117545064), np.float64(38.378738266415766), np.float64(37.506847759318916), np.float64(35.53657136585413), np.float64(39.208698406894136), np.float64(42.07537812751014), np.float64(38.602315245782535), np.float64(39.01604021871076), np.float64(39.950957494449376), np.float64(36.02685099112226)]"
TCGA-OL-A66P-DX1_xmin30143_ymin20310_MPP-0.2500.png,45.32761316507482,39.14285961068441,2.2639492767463776,"[np.float64(42.54788892694362), np.float64(39.54751720353001), np.float64(42.40657340886263), np.float64(37.676793619636435), np.float64(42.77898345580006), np.float64(40.69317059875398), np.float64(40.24893978238913), np.float64(39.610908519390705), np.float64(38.64580237453551), np.float64(41.54392292763215), np.float64(39.42357935038051), np.float64(35.208720203510104), np.float64(36.908486687270404), np.float64(38.771168106298916), np.float64(39.762857577015524), np.float64(39.02968263288462), np.float64(41.580801190271735), np.float64(35.240655882607165), np.float64(39.43003548369473), np.float64(35.5069011599101)]"
TCGA-OL-A6VO-DX1_xmin88416_ymin188485_MPP-0.2500.png,21.755204506239675,15.152921440818293,1.8627754373966599,"[np.float64(16.67234603178663), np.float64(14.964004011934287), np.float64(15.99214138486653), np.float64(13.42515551963876), np.float64(17.711851304133795), np.float64(17.236370768935995), np.float64(16.320010046842068), np.float64(14.893886947091412), np.float64(16.312636011408557), np.float64(13.739136304843596), np.float64(16.864032758859718), np.float64(18.451883229466134), np.float64(17.294142560776667), np.float64(13.693716501203474), np.float64(15.8757560753645), np.float64(12.566638353300998), np.float64(16.297702063169645), np.float64(16.05412826654337), np.float64(11.413288761753964), np.float64(12.829353752993566)]"
TCGA-OL-A97C-DX1_xmin68058_ymin32495_MPP-0.2500.png,0.0,2.6097078280844883,1.6356916715269925,"[np.float64(2.043430034596954), np.float64(2.0079883338028357), np.float64(0.19075395724687771), np.float64(3.387665286788856), np.float64(3.1126550459655125), np.float64(2.22116956412745), np.float64(1.0981248277677624), np.float64(4.707122080917616), np.float64(5.920522054261079), np.float64(1.6425848603914142), np.float64(1.3853739937748468), np.float64(3.592123158908481), np.float64(1.8936490685905158), np.float64(2.33091342675802), np.float64(4.0890141315338315), np.float64(-1.2090043469300973), np.float64(5.246312477789827), np.float64(2.755068876743171), np.float64(1.7867215389601279), np.float64(2.4312395196415904)]"
TCGA-S3-AA10-DX1_xmin43039_ymin23986_MPP-0.2500.png,16.876894222623676,18.361817588789606,1.7867696116049723,"[np.float64(18.286676298830642), np.float64(14.899414981899755), np.float64(21.351694043696078), np.float64(18.444468853330843), np.float64(19.247821849684357), np.float64(20.264917129937693), np.float64(16.319492673669004), np.float64(19.308761386860063), np.float64(17.82653540699202), np.float64(20.055359139222592), np.float64(14.107362748086615), np.float64(18.163628988307067), np.float64(17.156176277221682), np.float64(19.226343490057918), np.float64(19.30190596352601), np.float64(16.946565799145553), np.float64(16.937469860437517), np.float64(18.140486851674947), np.float64(16.56853313415919), np.float64(20.04578497969386)]"
TCGA-S3-AA15-DX1_xmin55486_ymin28926_MPP-0.2500.png,14.297445998272197,15.54991025000158,1.7857357159117366,"[np.float64(14.811495849106686), np.float64(9.735933811358297), np.float64(14.800266136757967), np.float64(13.472822608313635), np.float64(12.287358619079688), np.float64(13.075056973556434), np.float64(15.76872719366752), np.float64(18.207191906498043), np.float64(16.17627919773154), np.float64(14.3369034735701), np.float64(16.461718640342983), np.float64(14.631729629563596), np.float64(14.16070951167529), np.float64(13.24118491353561), np.float64(12.04625263649814), np.float64(14.770062836882689), np.float64(15.866017229841843), np.float64(15.3566629099718), np.float64(14.717976394106861), np.float64(13.658418128608016)]"
